{"id":928717197110898689,"id_str":"928717197110898689","name":"Ole Revsgaard Andersen","screen_name":"OleRevsgaard","protected":false,"verified":false,"followers_count":51,"friends_count":73,"listed_count":8,"favourites_count":119,"statuses_count":25,"created_at":"Thu Nov 09 20:13:29 +0000 2017","profile_background_image_url":"http://abs.twimg.com/images/themes/theme1/bg.png","profile_background_image_url_https":"https://abs.twimg.com/images/themes/theme1/bg.png","profile_background_tile":false,"profile_use_background_image":false,"profile_image_url":"http://pbs.twimg.com/profile_images/972891924175585280/VZLqXcRC_normal.jpg","profile_image_url_https":"https://pbs.twimg.com/profile_images/972891924175585280/VZLqXcRC_normal.jpg","default_profile":false,"default_profile_image":false,"status":{"created_at":"Tue Mar 05 10:26:40 +0000 2019","id":1102878083336548352,"id_str":"1102878083336548352","text":"At man kan bl√¶se s√• stor en debat op omkring trafiksignalers k√∏nsforhold, vidner om at vi har mange mennesker her t‚Ä¶ https://t.co/OsbdiBL9qe","truncated":true,"entities":{"hashtags":[],"symbols":[],"user_mentions":[],"urls":[{"url":"https://t.co/OsbdiBL9qe","expanded_url":"https://twitter.com/i/web/status/1102878083336548352","display_url":"twitter.com/i/web/status/1‚Ä¶","indices":[117,140]}]},"source":"<a href=\"http://twitter.com\" rel=\"nofollow\">Twitter Web Client</a>","in_reply_to_status_id":null,"in_reply_to_status_id_str":null,"in_reply_to_user_id":null,"in_reply_to_user_id_str":null,"in_reply_to_screen_name":null,"geo":null,"coordinates":null,"place":null,"contributors":null,"is_quote_status":false,"retweet_count":0,"favorite_count":3,"favorited":false,"retweeted":false,"lang":"da"}}
{"id":923229282033430528,"id_str":"923229282033430528","name":"Anders K√ºhnau","screen_name":"AndersKuhnau","protected":false,"verified":false,"followers_count":917,"friends_count":132,"listed_count":11,"favourites_count":1010,"statuses_count":387,"created_at":"Wed Oct 25 16:46:28 +0000 2017","profile_background_image_url":null,"profile_background_image_url_https":null,"profile_background_tile":false,"profile_use_background_image":true,"profile_image_url":"http://pbs.twimg.com/profile_images/923265977588109312/Ud46jz8j_normal.jpg","profile_image_url_https":"https://pbs.twimg.com/profile_images/923265977588109312/Ud46jz8j_normal.jpg","default_profile":true,"default_profile_image":false,"status":{"created_at":"Tue Mar 05 19:15:08 +0000 2019","id":1103011076432687105,"id_str":"1103011076432687105","text":"RT @RegionalUdvMidt: Efter 10 √•r stopper Jens Kampmann som formand for #Kattegatkomit√©en - @AndersKuhnau er ny formand. Sammen med det √∏vri‚Ä¶","truncated":false,"entities":{"hashtags":[{"text":"Kattegatkomit√©en","indices":[71,88]}],"symbols":[],"user_mentions":[{"screen_name":"RegionalUdvMidt","name":"Regional Udvikling","id":974547180072550400,"id_str":"974547180072550400","indices":[3,19]},{"screen_name":"AndersKuhnau","name":"Anders K√ºhnau","id":923229282033430528,"id_str":"923229282033430528","indices":[91,104]}],"urls":[]},"source":"<a href=\"http://twitter.com/download/iphone\" rel=\"nofollow\">Twitter for iPhone</a>","in_reply_to_status_id":null,"in_reply_to_status_id_str":null,"in_reply_to_user_id":null,"in_reply_to_user_id_str":null,"in_reply_to_screen_name":null,"geo":null,"coordinates":null,"place":null,"contributors":null,"retweeted_status":{"created_at":"Tue Mar 05 14:20:06 +0000 2019","id":1102936828011782144,"id_str":"1102936828011782144","text":"Efter 10 √•r stopper Jens Kampmann som formand for #Kattegatkomit√©en - @AndersKuhnau er ny formand. Sammen med det √∏‚Ä¶ https://t.co/IJjbG5S2UK","truncated":true,"entities":{"hashtags":[{"text":"Kattegatkomit√©en","indices":[50,67]}],"symbols":[],"user_mentions":[{"screen_name":"AndersKuhnau","name":"Anders K√ºhnau","id":923229282033430528,"id_str":"923229282033430528","indices":[70,83]}],"urls":[{"url":"https://t.co/IJjbG5S2UK","expanded_url":"https://twitter.com/i/web/status/1102936828011782144","display_url":"twitter.com/i/web/status/1‚Ä¶","indices":[117,140]}]},"source":"<a href=\"http://twitter.com\" rel=\"nofollow\">Twitter Web Client</a>","in_reply_to_status_id":null,"in_reply_to_status_id_str":null,"in_reply_to_user_id":null,"in_reply_to_user_id_str":null,"in_reply_to_screen_name":null,"geo":null,"coordinates":null,"place":null,"contributors":null,"is_quote_status":false,"retweet_count":2,"favorite_count":9,"favorited":false,"retweeted":false,"possibly_sensitive":false,"lang":"da"},"is_quote_status":false,"retweet_count":2,"favorite_count":0,"favorited":false,"retweeted":false,"lang":"da"}}
{"id":3288878103,"id_str":"3288878103","name":"Ulrich Fredberg","screen_name":"UlrichFredberg","protected":false,"verified":false,"followers_count":28,"friends_count":11,"listed_count":5,"favourites_count":32,"statuses_count":10,"created_at":"Mon May 18 20:04:28 +0000 2015","profile_background_image_url":"http://abs.twimg.com/images/themes/theme1/bg.png","profile_background_image_url_https":"https://abs.twimg.com/images/themes/theme1/bg.png","profile_background_tile":false,"profile_use_background_image":true,"profile_image_url":"http://pbs.twimg.com/profile_images/929779124524273665/c24Ji8bW_normal.jpg","profile_image_url_https":"https://pbs.twimg.com/profile_images/929779124524273665/c24Ji8bW_normal.jpg","default_profile":true,"default_profile_image":false,"status":{"created_at":"Wed Aug 08 19:01:52 +0000 2018","id":1027268676544856064,"id_str":"1027268676544856064","text":"Nogle partier vil ikke s√¶tte prisen p√• cigaretter op, ‚Äúda det kan g√• ud over de svageste‚Äù - i form af mindre sygdom‚Ä¶ https://t.co/GW0Z8zpomc","truncated":true,"entities":{"hashtags":[],"symbols":[],"user_mentions":[],"urls":[{"url":"https://t.co/GW0Z8zpomc","expanded_url":"https://twitter.com/i/web/status/1027268676544856064","display_url":"twitter.com/i/web/status/1‚Ä¶","indices":[117,140]}]},"source":"<a href=\"https://mobile.twitter.com\" rel=\"nofollow\">Twitter Web App</a>","in_reply_to_status_id":null,"in_reply_to_status_id_str":null,"in_reply_to_user_id":null,"in_reply_to_user_id_str":null,"in_reply_to_screen_name":null,"geo":null,"coordinates":null,"place":null,"contributors":null,"is_quote_status":true,"quoted_status_id":1025268741746122752,"quoted_status_id_str":"1025268741746122752","retweet_count":0,"favorite_count":2,"favorited":false,"retweeted":false,"possibly_sensitive":false,"lang":"da"}}
{"id":2926806268,"id_str":"2926806268","name":"Lone Langballe","screen_name":"l_langballe","protected":false,"verified":false,"followers_count":19,"friends_count":12,"listed_count":11,"favourites_count":2,"statuses_count":0,"created_at":"Wed Dec 17 10:49:08 +0000 2014","profile_background_image_url":"http://abs.twimg.com/images/themes/theme1/bg.png","profile_background_image_url_https":"https://abs.twimg.com/images/themes/theme1/bg.png","profile_background_tile":false,"profile_use_background_image":true,"profile_image_url":"http://abs.twimg.com/sticky/default_profile_images/default_profile_normal.png","profile_image_url_https":"https://abs.twimg.com/sticky/default_profile_images/default_profile_normal.png","default_profile":true,"default_profile_image":true,"status":null}
{"id":2808307643,"id_str":"2808307643","name":"Nicolaj Bang","screen_name":"NicolajBang","protected":false,"verified":false,"followers_count":62,"friends_count":81,"listed_count":10,"favourites_count":13,"statuses_count":12,"created_at":"Sun Oct 05 16:10:03 +0000 2014","profile_background_image_url":"http://abs.twimg.com/images/themes/theme1/bg.png","profile_background_image_url_https":"https://abs.twimg.com/images/themes/theme1/bg.png","profile_background_tile":false,"profile_use_background_image":true,"profile_image_url":"http://pbs.twimg.com/profile_images/749951431789142016/c0sMV5mD_normal.jpg","profile_image_url_https":"https://pbs.twimg.com/profile_images/749951431789142016/c0sMV5mD_normal.jpg","default_profile":true,"default_profile_image":false,"status":{"created_at":"Wed Dec 19 14:09:07 +0000 2018","id":1075392589531103233,"id_str":"1075392589531103233","text":"Tak til @SorenPape for at sige det klart og utvetydigt! https://t.co/NLtxeoEy5q","truncated":false,"entities":{"hashtags":[],"symbols":[],"user_mentions":[{"screen_name":"SorenPape","name":"S√∏ren Pape Poulsen","id":2712091824,"id_str":"2712091824","indices":[8,18]}],"urls":[{"url":"https://t.co/NLtxeoEy5q","expanded_url":"https://twitter.com/SorenPape/status/1075378285914275841","display_url":"twitter.com/SorenPape/stat‚Ä¶","indices":[56,79]}]},"source":"<a href=\"http://twitter.com/#!/download/ipad\" rel=\"nofollow\">Twitter for iPad</a>","in_reply_to_status_id":null,"in_reply_to_status_id_str":null,"in_reply_to_user_id":null,"in_reply_to_user_id_str":null,"in_reply_to_screen_name":null,"geo":null,"coordinates":null,"place":null,"contributors":null,"is_quote_status":true,"quoted_status_id":1075378285914275841,"quoted_status_id_str":"1075378285914275841","retweet_count":0,"favorite_count":1,"favorited":false,"retweeted":false,"possibly_sensitive":false,"lang":"no"}}
{"id":2514243773,"id_str":"2514243773","name":"Claus Kjeldsen","screen_name":"ClausKjeldsen","protected":false,"verified":false,"followers_count":118,"friends_count":612,"listed_count":6,"favourites_count":703,"statuses_count":152,"created_at":"Mon Apr 28 07:50:37 +0000 2014","profile_background_image_url":"http://abs.twimg.com/images/themes/theme1/bg.png","profile_background_image_url_https":"https://abs.twimg.com/images/themes/theme1/bg.png","profile_background_tile":false,"profile_use_background_image":false,"profile_image_url":"http://pbs.twimg.com/profile_images/897533141224652800/53WRPQY-_normal.jpg","profile_image_url_https":"https://pbs.twimg.com/profile_images/897533141224652800/53WRPQY-_normal.jpg","default_profile":false,"default_profile_image":false,"status":{"created_at":"Sat Mar 02 12:58:54 +0000 2019","id":1101829232689405953,"id_str":"1101829232689405953","text":"RT @lotte_holten: Hvis @regionerne nedl√¶gges, bliver h√•ndteringen af landets mere end 17.000 forurenede grunde b√•de dyrere og d√•rligere, sk‚Ä¶","truncated":false,"entities":{"hashtags":[],"symbols":[],"user_mentions":[{"screen_name":"lotte_holten","name":"Lotte Holten","id":766616674338480132,"id_str":"766616674338480132","indices":[3,16]},{"screen_name":"regionerne","name":"Danske Regioner","id":601813544,"id_str":"601813544","indices":[23,34]}],"urls":[]},"source":"<a href=\"http://twitter.com/download/iphone\" rel=\"nofollow\">Twitter for iPhone</a>","in_reply_to_status_id":null,"in_reply_to_status_id_str":null,"in_reply_to_user_id":null,"in_reply_to_user_id_str":null,"in_reply_to_screen_name":null,"geo":null,"coordinates":null,"place":null,"contributors":null,"retweeted_status":{"created_at":"Fri Mar 01 13:51:19 +0000 2019","id":1101480035603623936,"id_str":"1101480035603623936","text":"Hvis @regionerne nedl√¶gges, bliver h√•ndteringen af landets mere end 17.000 forurenede grunde b√•de dyrere og d√•rlige‚Ä¶ https://t.co/P2Vg3A9rhO","truncated":true,"entities":{"hashtags":[],"symbols":[],"user_mentions":[{"screen_name":"regionerne","name":"Danske Regioner","id":601813544,"id_str":"601813544","indices":[5,16]}],"urls":[{"url":"https://t.co/P2Vg3A9rhO","expanded_url":"https://twitter.com/i/web/status/1101480035603623936","display_url":"twitter.com/i/web/status/1‚Ä¶","indices":[117,140]}]},"source":"<a href=\"http://twitter.com\" rel=\"nofollow\">Twitter Web Client</a>","in_reply_to_status_id":null,"in_reply_to_status_id_str":null,"in_reply_to_user_id":null,"in_reply_to_user_id_str":null,"in_reply_to_screen_name":null,"geo":null,"coordinates":null,"place":null,"contributors":null,"is_quote_status":false,"retweet_count":33,"favorite_count":70,"favorited":false,"retweeted":false,"possibly_sensitive":false,"lang":"da"},"is_quote_status":false,"retweet_count":33,"favorite_count":0,"favorited":false,"retweeted":false,"lang":"da"}}
{"id":2319043468,"id_str":"2319043468","name":"Else Kayser","screen_name":"else_kayser","protected":false,"verified":false,"followers_count":33,"friends_count":12,"listed_count":18,"favourites_count":1,"statuses_count":0,"created_at":"Sun Feb 02 00:36:19 +0000 2014","profile_background_image_url":"http://abs.twimg.com/images/themes/theme1/bg.png","profile_background_image_url_https":"https://abs.twimg.com/images/themes/theme1/bg.png","profile_background_tile":false,"profile_use_background_image":true,"profile_image_url":"http://pbs.twimg.com/profile_images/494549178727407616/OGCzK5m9_normal.png","profile_image_url_https":"https://pbs.twimg.com/profile_images/494549178727407616/OGCzK5m9_normal.png","default_profile":true,"default_profile_image":false,"status":null}
{"id":2256734469,"id_str":"2256734469","name":"Jakob Rixen","screen_name":"J_Rixen","protected":false,"verified":false,"followers_count":86,"friends_count":85,"listed_count":25,"favourites_count":49,"statuses_count":146,"created_at":"Wed Jan 01 18:51:33 +0000 2014","profile_background_image_url":"http://abs.twimg.com/images/themes/theme1/bg.png","profile_background_image_url_https":"https://abs.twimg.com/images/themes/theme1/bg.png","profile_background_tile":false,"profile_use_background_image":true,"profile_image_url":"http://pbs.twimg.com/profile_images/454289096794316801/QpbJKcrj_normal.jpeg","profile_image_url_https":"https://pbs.twimg.com/profile_images/454289096794316801/QpbJKcrj_normal.jpeg","default_profile":true,"default_profile_image":false,"status":{"created_at":"Thu Oct 08 23:41:11 +0000 2015","id":652267527918063616,"id_str":"652267527918063616","text":"Udgifterne til veje, broer m.m udg√∏r kun 19 mia. kr., men bilisterne betaler samlet set mere end 44 mia. kr. #Unfair http://t.co/wWmZzdoSC2","truncated":false,"entities":{"hashtags":[{"text":"Unfair","indices":[109,116]}],"symbols":[],"user_mentions":[],"urls":[{"url":"http://t.co/wWmZzdoSC2","expanded_url":"http://finans.dk/s/8096597","display_url":"finans.dk/s/8096597","indices":[117,139]}]},"source":"<a href=\"http://twitter.com/download/iphone\" rel=\"nofollow\">Twitter for iPhone</a>","in_reply_to_status_id":null,"in_reply_to_status_id_str":null,"in_reply_to_user_id":null,"in_reply_to_user_id_str":null,"in_reply_to_screen_name":null,"geo":null,"coordinates":null,"place":null,"contributors":null,"is_quote_status":false,"retweet_count":2,"favorite_count":1,"favorited":false,"retweeted":false,"possibly_sensitive":false,"lang":"da"}}
{"id":2215701076,"id_str":"2215701076","name":"Carsten Kissmeyer","screen_name":"CKissmeyer","protected":false,"verified":false,"followers_count":213,"friends_count":194,"listed_count":32,"favourites_count":14,"statuses_count":18,"created_at":"Mon Dec 09 12:43:31 +0000 2013","profile_background_image_url":"http://abs.twimg.com/images/themes/theme1/bg.png","profile_background_image_url_https":"https://abs.twimg.com/images/themes/theme1/bg.png","profile_background_tile":false,"profile_use_background_image":true,"profile_image_url":"http://pbs.twimg.com/profile_images/899948036910141440/_rk2ntcJ_normal.jpg","profile_image_url_https":"https://pbs.twimg.com/profile_images/899948036910141440/_rk2ntcJ_normal.jpg","default_profile":true,"default_profile_image":false,"status":{"created_at":"Tue Nov 14 18:11:54 +0000 2017","id":930498539297394689,"id_str":"930498539297394689","text":"@ThomasFunding I m√• da ogs√• gerne skrive mit navn, s√• v√¶lgerne f√•r mere at vide end \"en st√¶rk spidskandidat\" üòÅ https://t.co/HschRiUsBY","truncated":false,"entities":{"hashtags":[],"symbols":[],"user_mentions":[{"screen_name":"ThomasFunding","name":"Thomas Funding","id":403361766,"id_str":"403361766","indices":[0,14]}],"urls":[{"url":"https://t.co/HschRiUsBY","expanded_url":"https://twitter.com/tv2politik/status/930495322698084352","display_url":"twitter.com/tv2politik/sta‚Ä¶","indices":[111,134]}]},"source":"<a href=\"http://twitter.com\" rel=\"nofollow\">Twitter Web Client</a>","in_reply_to_status_id":null,"in_reply_to_status_id_str":null,"in_reply_to_user_id":403361766,"in_reply_to_user_id_str":"403361766","in_reply_to_screen_name":"ThomasFunding","geo":null,"coordinates":null,"place":null,"contributors":null,"is_quote_status":true,"quoted_status_id":930495322698084352,"quoted_status_id_str":"930495322698084352","retweet_count":2,"favorite_count":5,"favorited":false,"retweeted":false,"possibly_sensitive":false,"lang":"da"}}
{"id":1976483413,"id_str":"1976483413","name":"conny Jensen","screen_name":"connyJensen3","protected":false,"verified":false,"followers_count":8,"friends_count":16,"listed_count":3,"favourites_count":0,"statuses_count":0,"created_at":"Sun Oct 20 21:19:57 +0000 2013","profile_background_image_url":"http://abs.twimg.com/images/themes/theme1/bg.png","profile_background_image_url_https":"https://abs.twimg.com/images/themes/theme1/bg.png","profile_background_tile":false,"profile_use_background_image":true,"profile_image_url":"http://abs.twimg.com/sticky/default_profile_images/default_profile_normal.png","profile_image_url_https":"https://abs.twimg.com/sticky/default_profile_images/default_profile_normal.png","default_profile":true,"default_profile_image":true,"status":null}
{"id":1964131159,"id_str":"1964131159","name":"Susanne Buch Nielsen","screen_name":"susanne34684926","protected":false,"verified":false,"followers_count":21,"friends_count":4,"listed_count":10,"favourites_count":0,"statuses_count":2,"created_at":"Wed Oct 16 05:59:53 +0000 2013","profile_background_image_url":"http://abs.twimg.com/images/themes/theme1/bg.png","profile_background_image_url_https":"https://abs.twimg.com/images/themes/theme1/bg.png","profile_background_tile":false,"profile_use_background_image":true,"profile_image_url":"http://abs.twimg.com/sticky/default_profile_images/default_profile_normal.png","profile_image_url_https":"https://abs.twimg.com/sticky/default_profile_images/default_profile_normal.png","default_profile":true,"default_profile_image":true,"status":{"created_at":"Wed Oct 16 06:21:25 +0000 2013","id":390361821900599296,"id_str":"390361821900599296","text":"@ReneHilstrom \nHej Rene\nNu m√• vi s√• se, om det er noget der er til at bruge s√•dan en twitter :-)","truncated":false,"entities":{"hashtags":[],"symbols":[],"user_mentions":[{"screen_name":"ReneHilstrom","name":"Rene Hilstr√∏m","id":104833022,"id_str":"104833022","indices":[0,13]}],"urls":[]},"source":"<a href=\"http://twitter.com\" rel=\"nofollow\">Twitter Web Client</a>","in_reply_to_status_id":390357582638223360,"in_reply_to_status_id_str":"390357582638223360","in_reply_to_user_id":104833022,"in_reply_to_user_id_str":"104833022","in_reply_to_screen_name":"ReneHilstrom","geo":null,"coordinates":null,"place":null,"contributors":null,"is_quote_status":false,"retweet_count":0,"favorite_count":0,"favorited":false,"retweeted":false,"lang":"da"}}
{"id":1723443464,"id_str":"1723443464","name":"Rasmus Foged","screen_name":"FogedRasmus","protected":false,"verified":false,"followers_count":300,"friends_count":268,"listed_count":29,"favourites_count":4720,"statuses_count":5359,"created_at":"Mon Sep 02 20:50:03 +0000 2013","profile_background_image_url":"http://abs.twimg.com/images/themes/theme1/bg.png","profile_background_image_url_https":"https://abs.twimg.com/images/themes/theme1/bg.png","profile_background_tile":false,"profile_use_background_image":true,"profile_image_url":"http://pbs.twimg.com/profile_images/779386301414051840/ZHOseA2n_normal.jpg","profile_image_url_https":"https://pbs.twimg.com/profile_images/779386301414051840/ZHOseA2n_normal.jpg","default_profile":true,"default_profile_image":false,"status":{"created_at":"Tue Mar 05 23:42:17 +0000 2019","id":1103078306713423873,"id_str":"1103078306713423873","text":"@h_andersen @runelanghoff Hvis vi skal sl√•s ihjel, s√• skal det i hvert fald ikke v√¶re af @lykketoft üòÇ","truncated":false,"entities":{"hashtags":[],"symbols":[],"user_mentions":[{"screen_name":"h_andersen","name":"Henrik Andersen","id":23932118,"id_str":"23932118","indices":[0,11]},{"screen_name":"runelanghoff","name":"Rune Langhoff","id":17758861,"id_str":"17758861","indices":[12,25]},{"screen_name":"lykketoft","name":"Mogens Lykketoft","id":98354773,"id_str":"98354773","indices":[89,99]}],"urls":[]},"source":"<a href=\"http://twitter.com/#!/download/ipad\" rel=\"nofollow\">Twitter for iPad</a>","in_reply_to_status_id":1103019870411735040,"in_reply_to_status_id_str":"1103019870411735040","in_reply_to_user_id":23932118,"in_reply_to_user_id_str":"23932118","in_reply_to_screen_name":"h_andersen","geo":null,"coordinates":null,"place":{"id":"55a020e74abc073f","url":"https://api.twitter.com/1.1/geo/id/55a020e74abc073f.json","place_type":"city","name":"Arhus","full_name":"Arhus, Denmark","country_code":"DK","country":"Denmark","contained_within":[],"bounding_box":{"type":"Polygon","coordinates":[[[9.949081,55.9957712],[10.3891573,55.9957712],[10.3891573,56.3303159],[9.949081,56.3303159]]]},"attributes":{}},"contributors":null,"is_quote_status":false,"retweet_count":0,"favorite_count":0,"favorited":false,"retweeted":false,"lang":"da"}}
{"id":1638351025,"id_str":"1638351025","name":"Dorte West","screen_name":"DorteWest","protected":false,"verified":false,"followers_count":7,"friends_count":5,"listed_count":3,"favourites_count":0,"statuses_count":1,"created_at":"Thu Aug 01 16:17:53 +0000 2013","profile_background_image_url":"http://abs.twimg.com/images/themes/theme1/bg.png","profile_background_image_url_https":"https://abs.twimg.com/images/themes/theme1/bg.png","profile_background_tile":false,"profile_use_background_image":true,"profile_image_url":"http://pbs.twimg.com/profile_images/378800000225772397/d769b3337b505c64a309d7db27a8213c_normal.jpeg","profile_image_url_https":"https://pbs.twimg.com/profile_images/378800000225772397/d769b3337b505c64a309d7db27a8213c_normal.jpeg","default_profile":true,"default_profile_image":false,"status":{"created_at":"Thu Aug 01 17:00:48 +0000 2013","id":362981251939975168,"id_str":"362981251939975168","text":"Fantastisk flot sv√∏mmet af Rikke M√∏ller Pedersen. Gl√¶der mig til EM, der afholdes i Boxen i Herning til december.  http://t.co/0uiD81r40u","truncated":false,"entities":{"hashtags":[],"symbols":[],"user_mentions":[],"urls":[{"url":"http://t.co/0uiD81r40u","expanded_url":"http://www.bt.dk/svoemning/rikke-moeller-pedersen-saetter-ny-verdensrekord","display_url":"bt.dk/svoemning/rikk‚Ä¶","indices":[115,137]}]},"source":"<a href=\"https://dev.twitter.com/docs/tfw\" rel=\"nofollow\">Twitter for Websites</a>","in_reply_to_status_id":null,"in_reply_to_status_id_str":null,"in_reply_to_user_id":null,"in_reply_to_user_id_str":null,"in_reply_to_screen_name":null,"geo":null,"coordinates":null,"place":null,"contributors":null,"is_quote_status":false,"retweet_count":1,"favorite_count":0,"favorited":false,"retweeted":false,"possibly_sensitive":false,"lang":"da"}}
{"id":1406903312,"id_str":"1406903312","name":"Steen Jakobsen","screen_name":"sja46297093","protected":false,"verified":false,"followers_count":22,"friends_count":37,"listed_count":3,"favourites_count":2,"statuses_count":2,"created_at":"Mon May 06 05:54:03 +0000 2013","profile_background_image_url":"http://abs.twimg.com/images/themes/theme1/bg.png","profile_background_image_url_https":"https://abs.twimg.com/images/themes/theme1/bg.png","profile_background_tile":false,"profile_use_background_image":true,"profile_image_url":"http://pbs.twimg.com/profile_images/3620911262/449444ab2a53c177c80afc9bf0a836ed_normal.jpeg","profile_image_url_https":"https://pbs.twimg.com/profile_images/3620911262/449444ab2a53c177c80afc9bf0a836ed_normal.jpeg","default_profile":true,"default_profile_image":false,"status":{"created_at":"Wed Dec 17 19:07:31 +0000 2014","id":545294233738158080,"id_str":"545294233738158080","text":"Akuthus i Lemvig p√• plads - Regionshuset, Viborg","truncated":false,"entities":{"hashtags":[],"symbols":[],"user_mentions":[],"urls":[]},"source":"<a href=\"http://twitter.com/download/iphone\" rel=\"nofollow\">Twitter for iPhone</a>","in_reply_to_status_id":null,"in_reply_to_status_id_str":null,"in_reply_to_user_id":null,"in_reply_to_user_id_str":null,"in_reply_to_screen_name":null,"geo":{"type":"Point","coordinates":[56.43093608,8.50981772]},"coordinates":{"type":"Point","coordinates":[8.50981772,56.43093608]},"place":{"id":"264cdac2911099b1","url":"https://api.twitter.com/1.1/geo/id/264cdac2911099b1.json","place_type":"city","name":"Struer","full_name":"Struer, Danmark","country_code":"DK","country":"Denmark","contained_within":[],"bounding_box":{"type":"Polygon","coordinates":[[[8.392431,56.387387],[8.7425103,56.387387],[8.7425103,56.738629],[8.392431,56.738629]]]},"attributes":{}},"contributors":null,"is_quote_status":false,"retweet_count":0,"favorite_count":2,"favorited":false,"retweeted":false,"lang":"da"}}
{"id":838695012,"id_str":"838695012","name":"Annette Roed","screen_name":"RoedAnnette","protected":false,"verified":false,"followers_count":155,"friends_count":817,"listed_count":8,"favourites_count":1792,"statuses_count":373,"created_at":"Fri Sep 21 22:58:02 +0000 2012","profile_background_image_url":"http://abs.twimg.com/images/themes/theme1/bg.png","profile_background_image_url_https":"https://abs.twimg.com/images/themes/theme1/bg.png","profile_background_tile":false,"profile_use_background_image":true,"profile_image_url":"http://pbs.twimg.com/profile_images/1067760504108707840/dLQNRky8_normal.jpg","profile_image_url_https":"https://pbs.twimg.com/profile_images/1067760504108707840/dLQNRky8_normal.jpg","default_profile":true,"default_profile_image":false,"status":{"created_at":"Tue Mar 05 17:24:18 +0000 2019","id":1102983186001338368,"id_str":"1102983186001338368","text":"RT @YngreLaeger: Hvordan forholder Alternativet sig til sit bagland, n√•r de forhandler sundhedsreform med regeringen? \n52 ud af 65 medlemme‚Ä¶","truncated":false,"entities":{"hashtags":[],"symbols":[],"user_mentions":[{"screen_name":"YngreLaeger","name":"Yngre L√¶ger","id":725214115103408128,"id_str":"725214115103408128","indices":[3,15]}],"urls":[]},"source":"<a href=\"http://twitter.com/#!/download/ipad\" rel=\"nofollow\">Twitter for iPad</a>","in_reply_to_status_id":null,"in_reply_to_status_id_str":null,"in_reply_to_user_id":null,"in_reply_to_user_id_str":null,"in_reply_to_screen_name":null,"geo":null,"coordinates":null,"place":null,"contributors":null,"retweeted_status":{"created_at":"Tue Mar 05 12:33:34 +0000 2019","id":1102910019388035072,"id_str":"1102910019388035072","text":"Hvordan forholder Alternativet sig til sit bagland, n√•r de forhandler sundhedsreform med regeringen? \n52 ud af 65 m‚Ä¶ https://t.co/kStPGOdl8F","truncated":true,"entities":{"hashtags":[],"symbols":[],"user_mentions":[],"urls":[{"url":"https://t.co/kStPGOdl8F","expanded_url":"https://twitter.com/i/web/status/1102910019388035072","display_url":"twitter.com/i/web/status/1‚Ä¶","indices":[117,140]}]},"source":"<a href=\"http://twitter.com\" rel=\"nofollow\">Twitter Web Client</a>","in_reply_to_status_id":null,"in_reply_to_status_id_str":null,"in_reply_to_user_id":null,"in_reply_to_user_id_str":null,"in_reply_to_screen_name":null,"geo":null,"coordinates":null,"place":null,"contributors":null,"is_quote_status":false,"retweet_count":8,"favorite_count":13,"favorited":false,"retweeted":false,"possibly_sensitive":false,"lang":"da"},"is_quote_status":false,"retweet_count":8,"favorite_count":0,"favorited":false,"retweeted":false,"lang":"da"}}
{"id":354556335,"id_str":"354556335","name":"Jacob Is√∏e Kl√¶rke","screen_name":"jacobklaerke","protected":false,"verified":false,"followers_count":744,"friends_count":653,"listed_count":38,"favourites_count":1121,"statuses_count":2078,"created_at":"Sat Aug 13 22:43:38 +0000 2011","profile_background_image_url":"http://abs.twimg.com/images/themes/theme1/bg.png","profile_background_image_url_https":"https://abs.twimg.com/images/themes/theme1/bg.png","profile_background_tile":false,"profile_use_background_image":false,"profile_image_url":"http://pbs.twimg.com/profile_images/897520870620573697/tkD4baTE_normal.jpg","profile_image_url_https":"https://pbs.twimg.com/profile_images/897520870620573697/tkD4baTE_normal.jpg","default_profile":false,"default_profile_image":false,"status":{"created_at":"Tue Mar 05 19:27:13 +0000 2019","id":1103014120209739777,"id_str":"1103014120209739777","text":"@perlonn Nej Per. Det er dig der IKKE kan eller vil forst√• tabellerne ovenfor!\nDer er ekstra midler til psykiatrien‚Ä¶ https://t.co/7cGhBkZwcD","truncated":true,"entities":{"hashtags":[],"symbols":[],"user_mentions":[{"screen_name":"perlonn","name":"Per L√∂nn-Christensen","id":51507338,"id_str":"51507338","indices":[0,8]}],"urls":[{"url":"https://t.co/7cGhBkZwcD","expanded_url":"https://twitter.com/i/web/status/1103014120209739777","display_url":"twitter.com/i/web/status/1‚Ä¶","indices":[117,140]}]},"source":"<a href=\"http://twitter.com/download/iphone\" rel=\"nofollow\">Twitter for iPhone</a>","in_reply_to_status_id":1102980868396732419,"in_reply_to_status_id_str":"1102980868396732419","in_reply_to_user_id":51507338,"in_reply_to_user_id_str":"51507338","in_reply_to_screen_name":"perlonn","geo":null,"coordinates":null,"place":null,"contributors":null,"is_quote_status":false,"retweet_count":0,"favorite_count":0,"favorited":false,"retweeted":false,"lang":"da"}}
{"id":83839195,"id_str":"83839195","name":"Hanne Roed","screen_name":"HanneRoed","protected":false,"verified":false,"followers_count":528,"friends_count":813,"listed_count":39,"favourites_count":8070,"statuses_count":2263,"created_at":"Tue Oct 20 13:04:05 +0000 2009","profile_background_image_url":"http://abs.twimg.com/images/themes/theme1/bg.png","profile_background_image_url_https":"https://abs.twimg.com/images/themes/theme1/bg.png","profile_background_tile":false,"profile_use_background_image":true,"profile_image_url":"http://pbs.twimg.com/profile_images/871710553512738816/f6n0eKdb_normal.jpg","profile_image_url_https":"https://pbs.twimg.com/profile_images/871710553512738816/f6n0eKdb_normal.jpg","default_profile":true,"default_profile_image":false,"status":{"created_at":"Wed Mar 06 07:13:58 +0000 2019","id":1103191979444367361,"id_str":"1103191979444367361","text":"Tak til @alternativet_ for at se klart at nedl√¶ggelse af @regionerne ikke er at √∏ge demokratiet, men at sv√¶kke det.‚Ä¶ https://t.co/OY5StQRusO","truncated":true,"entities":{"hashtags":[],"symbols":[],"user_mentions":[{"screen_name":"alternativet_","name":"Alternativet","id":1704527995,"id_str":"1704527995","indices":[8,22]},{"screen_name":"regionerne","name":"Danske Regioner","id":601813544,"id_str":"601813544","indices":[57,68]}],"urls":[{"url":"https://t.co/OY5StQRusO","expanded_url":"https://twitter.com/i/web/status/1103191979444367361","display_url":"twitter.com/i/web/status/1‚Ä¶","indices":[117,140]}]},"source":"<a href=\"http://twitter.com/download/iphone\" rel=\"nofollow\">Twitter for iPhone</a>","in_reply_to_status_id":null,"in_reply_to_status_id_str":null,"in_reply_to_user_id":null,"in_reply_to_user_id_str":null,"in_reply_to_screen_name":null,"geo":null,"coordinates":null,"place":{"id":"55a020e74abc073f","url":"https://api.twitter.com/1.1/geo/id/55a020e74abc073f.json","place_type":"city","name":"Arhus","full_name":"Arhus, Denmark","country_code":"DK","country":"Denmark","contained_within":[],"bounding_box":{"type":"Polygon","coordinates":[[[9.949081,55.9957712],[10.3891573,55.9957712],[10.3891573,56.3303159],[9.949081,56.3303159]]]},"attributes":{}},"contributors":null,"is_quote_status":false,"retweet_count":1,"favorite_count":2,"favorited":false,"retweeted":false,"possibly_sensitive":false,"lang":"da"}}
{"id":81576670,"id_str":"81576670","name":"Mette Valbj√∏rn","screen_name":"MetteVALG","protected":false,"verified":false,"followers_count":44,"friends_count":7,"listed_count":17,"favourites_count":0,"statuses_count":13,"created_at":"Sun Oct 11 11:38:25 +0000 2009","profile_background_image_url":"http://abs.twimg.com/images/themes/theme1/bg.png","profile_background_image_url_https":"https://abs.twimg.com/images/themes/theme1/bg.png","profile_background_tile":false,"profile_use_background_image":true,"profile_image_url":"http://pbs.twimg.com/profile_images/464567651/Mette-Valbjoern_web_foto_2009_normal.jpg","profile_image_url_https":"https://pbs.twimg.com/profile_images/464567651/Mette-Valbjoern_web_foto_2009_normal.jpg","default_profile":true,"default_profile_image":false,"status":{"created_at":"Wed Apr 20 10:19:34 +0000 2011","id":60648795058356224,"id_str":"60648795058356224","text":"Gl√¶der mig til p√•skeferien, der starter i eftermiddag.","truncated":false,"entities":{"hashtags":[],"symbols":[],"user_mentions":[],"urls":[]},"source":"<a href=\"http://twitter.com\" rel=\"nofollow\">Twitter Web Client</a>","in_reply_to_status_id":null,"in_reply_to_status_id_str":null,"in_reply_to_user_id":null,"in_reply_to_user_id_str":null,"in_reply_to_screen_name":null,"geo":null,"coordinates":null,"place":null,"contributors":null,"is_quote_status":false,"retweet_count":0,"favorite_count":0,"favorited":false,"retweeted":false,"lang":"da"}}
{"id":19525056,"id_str":"19525056","name":"Arne L√¶gaard","screen_name":"ArneLaegaard","protected":false,"verified":false,"followers_count":91,"friends_count":178,"listed_count":13,"favourites_count":9,"statuses_count":198,"created_at":"Mon Jan 26 08:34:41 +0000 2009","profile_background_image_url":"http://abs.twimg.com/images/themes/theme13/bg.gif","profile_background_image_url_https":"https://abs.twimg.com/images/themes/theme13/bg.gif","profile_background_tile":false,"profile_use_background_image":true,"profile_image_url":"http://pbs.twimg.com/profile_images/906179786531368960/WhgWtf2i_normal.jpg","profile_image_url_https":"https://pbs.twimg.com/profile_images/906179786531368960/WhgWtf2i_normal.jpg","default_profile":false,"default_profile_image":false,"status":{"created_at":"Mon Mar 04 19:57:07 +0000 2019","id":1102659256497684480,"id_str":"1102659256497684480","text":"S√• er det officielt. Mit barndomshjem er sat til salg. https://t.co/8UtgKbmfa1","truncated":false,"entities":{"hashtags":[],"symbols":[],"user_mentions":[],"urls":[{"url":"https://t.co/8UtgKbmfa1","expanded_url":"https://www.landbogruppen.dk/sag/103011/Kongsgaardvej-9-7560-Hjerm/","display_url":"landbogruppen.dk/sag/103011/Kon‚Ä¶","indices":[55,78]}]},"source":"<a href=\"http://www.facebook.com/twitter\" rel=\"nofollow\">Facebook</a>","in_reply_to_status_id":null,"in_reply_to_status_id_str":null,"in_reply_to_user_id":null,"in_reply_to_user_id_str":null,"in_reply_to_screen_name":null,"geo":null,"coordinates":null,"place":null,"contributors":null,"is_quote_status":false,"retweet_count":0,"favorite_count":0,"favorited":false,"retweeted":false,"possibly_sensitive":false,"lang":"da"}}
