{"id":907377624279928832,"id_str":"907377624279928832","name":"Karsten SkawboJensen","screen_name":"skawbojensen","protected":false,"verified":false,"followers_count":3,"friends_count":9,"listed_count":3,"favourites_count":0,"statuses_count":1,"created_at":"Mon Sep 11 22:57:38 +0000 2017","profile_background_image_url":null,"profile_background_image_url_https":null,"profile_background_tile":false,"profile_use_background_image":true,"profile_image_url":"http://abs.twimg.com/sticky/default_profile_images/default_profile_normal.png","profile_image_url_https":"https://abs.twimg.com/sticky/default_profile_images/default_profile_normal.png","default_profile":true,"default_profile_image":true,"status":{"created_at":"Mon Sep 11 23:06:53 +0000 2017","id":907379950558355456,"id_str":"907379950558355456","text":"Tillykke Norge, k√¶berasler til Sosserne, sejr til H√∏jre.","truncated":false,"entities":{"hashtags":[],"symbols":[],"user_mentions":[],"urls":[]},"source":"<a href=\"http://twitter.com/#!/download/ipad\" rel=\"nofollow\">Twitter for iPad</a>","in_reply_to_status_id":null,"in_reply_to_status_id_str":null,"in_reply_to_user_id":null,"in_reply_to_user_id_str":null,"in_reply_to_screen_name":null,"geo":null,"coordinates":null,"place":null,"contributors":null,"is_quote_status":false,"retweet_count":0,"favorite_count":0,"favorited":false,"retweeted":false,"lang":"da"}}
{"id":864442283088916481,"id_str":"864442283088916481","name":"Randi Mondorf","screen_name":"RandiMondorf","protected":false,"verified":false,"followers_count":40,"friends_count":52,"listed_count":7,"favourites_count":36,"statuses_count":45,"created_at":"Tue May 16 11:27:55 +0000 2017","profile_background_image_url":null,"profile_background_image_url_https":null,"profile_background_tile":false,"profile_use_background_image":true,"profile_image_url":"http://pbs.twimg.com/profile_images/899578898190671872/vQa0Ln4v_normal.jpg","profile_image_url_https":"https://pbs.twimg.com/profile_images/899578898190671872/vQa0Ln4v_normal.jpg","default_profile":true,"default_profile_image":false,"status":{"created_at":"Fri Feb 08 17:28:28 +0000 2019","id":1093924537165664258,"id_str":"1093924537165664258","text":"Mange virksomheder og forskere har haft stor gl√¶de af EU Copenhagen Office‚Äôs indsats. Der er taget store bel√∏b hjem‚Ä¶ https://t.co/TPv5d7H0Sb","truncated":true,"entities":{"hashtags":[],"symbols":[],"user_mentions":[],"urls":[{"url":"https://t.co/TPv5d7H0Sb","expanded_url":"https://twitter.com/i/web/status/1093924537165664258","display_url":"twitter.com/i/web/status/1‚Ä¶","indices":[117,140]}]},"source":"<a href=\"http://twitter.com/download/iphone\" rel=\"nofollow\">Twitter for iPhone</a>","in_reply_to_status_id":null,"in_reply_to_status_id_str":null,"in_reply_to_user_id":null,"in_reply_to_user_id_str":null,"in_reply_to_screen_name":null,"geo":null,"coordinates":null,"place":{"id":"936b83f20956cd4c","url":"https://api.twitter.com/1.1/geo/id/936b83f20956cd4c.json","place_type":"city","name":"Copenhagen","full_name":"Copenhagen, Denmark","country_code":"DK","country":"Denmark","contained_within":[],"bounding_box":{"type":"Polygon","coordinates":[[[12.453064,55.613717],[12.6522012,55.613717],[12.6522012,55.731834],[12.453064,55.731834]]]},"attributes":{}},"contributors":null,"is_quote_status":true,"quoted_status_id":1093808421923627010,"quoted_status_id_str":"1093808421923627010","retweet_count":0,"favorite_count":5,"favorited":false,"retweeted":false,"possibly_sensitive":false,"lang":"da"}}
{"id":864400722946908160,"id_str":"864400722946908160","name":"Marianne Frederik","screen_name":"mariannefrede20","protected":false,"verified":false,"followers_count":29,"friends_count":54,"listed_count":7,"favourites_count":75,"statuses_count":17,"created_at":"Tue May 16 08:42:46 +0000 2017","profile_background_image_url":null,"profile_background_image_url_https":null,"profile_background_tile":false,"profile_use_background_image":true,"profile_image_url":"http://pbs.twimg.com/profile_images/871067547361308676/vhF8hCgA_normal.jpg","profile_image_url_https":"https://pbs.twimg.com/profile_images/871067547361308676/vhF8hCgA_normal.jpg","default_profile":true,"default_profile_image":false,"status":{"created_at":"Tue Feb 12 07:23:37 +0000 2019","id":1095221874852855808,"id_str":"1095221874852855808","text":"RT @MajPoulsen: Valgpanik skaber hovsal√∏sninger  - inklusiv sundhedsreform https://t.co/UQsXMz4OEA","truncated":false,"entities":{"hashtags":[],"symbols":[],"user_mentions":[{"screen_name":"MajPoulsen","name":"Maj-Britt Poulsen","id":1394029909,"id_str":"1394029909","indices":[3,14]}],"urls":[{"url":"https://t.co/UQsXMz4OEA","expanded_url":"https://www.mm.dk/artikel/valgpanik-skaber-hovsaloesninger#.XGEl0TRKnjQ.twitter","display_url":"mm.dk/artikel/valgpa‚Ä¶","indices":[75,98]}]},"source":"<a href=\"https://mobile.twitter.com\" rel=\"nofollow\">Twitter Web App</a>","in_reply_to_status_id":null,"in_reply_to_status_id_str":null,"in_reply_to_user_id":null,"in_reply_to_user_id_str":null,"in_reply_to_screen_name":null,"geo":null,"coordinates":null,"place":null,"contributors":null,"retweeted_status":{"created_at":"Mon Feb 11 07:36:53 +0000 2019","id":1094862823539294208,"id_str":"1094862823539294208","text":"Valgpanik skaber hovsal√∏sninger  - inklusiv sundhedsreform https://t.co/UQsXMz4OEA","truncated":false,"entities":{"hashtags":[],"symbols":[],"user_mentions":[],"urls":[{"url":"https://t.co/UQsXMz4OEA","expanded_url":"https://www.mm.dk/artikel/valgpanik-skaber-hovsaloesninger#.XGEl0TRKnjQ.twitter","display_url":"mm.dk/artikel/valgpa‚Ä¶","indices":[59,82]}]},"source":"<a href=\"http://twitter.com/download/iphone\" rel=\"nofollow\">Twitter for iPhone</a>","in_reply_to_status_id":null,"in_reply_to_status_id_str":null,"in_reply_to_user_id":null,"in_reply_to_user_id_str":null,"in_reply_to_screen_name":null,"geo":null,"coordinates":null,"place":null,"contributors":null,"is_quote_status":false,"retweet_count":3,"favorite_count":6,"favorited":false,"retweeted":false,"possibly_sensitive":false,"lang":"da"},"is_quote_status":false,"retweet_count":3,"favorite_count":0,"favorited":false,"retweeted":false,"possibly_sensitive":false,"lang":"da"}}
{"id":845514560278843392,"id_str":"845514560278843392","name":"line ervolder","screen_name":"lineervolder","protected":false,"verified":false,"followers_count":75,"friends_count":92,"listed_count":17,"favourites_count":29,"statuses_count":12,"created_at":"Sat Mar 25 05:55:54 +0000 2017","profile_background_image_url":null,"profile_background_image_url_https":null,"profile_background_tile":false,"profile_use_background_image":true,"profile_image_url":"http://pbs.twimg.com/profile_images/908792202343657477/Hp-woI26_normal.jpg","profile_image_url_https":"https://pbs.twimg.com/profile_images/908792202343657477/Hp-woI26_normal.jpg","default_profile":true,"default_profile_image":false,"status":{"created_at":"Thu Jan 17 16:34:59 +0000 2019","id":1085938543078359040,"id_str":"1085938543078359040","text":"@MetteGjerskov @politikerpip Sundhedsplatformen er et nyt IT-system der IKKE virker. Tror s√•m√¶nd bare at man vil v√¶‚Ä¶ https://t.co/1ecAVDclEw","truncated":true,"entities":{"hashtags":[],"symbols":[],"user_mentions":[{"screen_name":"MetteGjerskov","name":"Mette Gjerskov","id":525315094,"id_str":"525315094","indices":[0,14]},{"screen_name":"politikerpip","name":"Pip fra politiker","id":2784034304,"id_str":"2784034304","indices":[15,28]}],"urls":[{"url":"https://t.co/1ecAVDclEw","expanded_url":"https://twitter.com/i/web/status/1085938543078359040","display_url":"twitter.com/i/web/status/1‚Ä¶","indices":[117,140]}]},"source":"<a href=\"http://twitter.com/#!/download/ipad\" rel=\"nofollow\">Twitter for iPad</a>","in_reply_to_status_id":1085801388834213888,"in_reply_to_status_id_str":"1085801388834213888","in_reply_to_user_id":525315094,"in_reply_to_user_id_str":"525315094","in_reply_to_screen_name":"MetteGjerskov","geo":null,"coordinates":null,"place":null,"contributors":null,"is_quote_status":false,"retweet_count":0,"favorite_count":1,"favorited":false,"retweeted":false,"lang":"da"}}
{"id":4814416817,"id_str":"4814416817","name":"Hans Toft","screen_name":"htgentofte","protected":false,"verified":false,"followers_count":244,"friends_count":74,"listed_count":20,"favourites_count":3,"statuses_count":5,"created_at":"Fri Jan 15 13:22:46 +0000 2016","profile_background_image_url":null,"profile_background_image_url_https":null,"profile_background_tile":false,"profile_use_background_image":true,"profile_image_url":"http://pbs.twimg.com/profile_images/687989895537799168/9pVD9kSU_normal.jpg","profile_image_url_https":"https://pbs.twimg.com/profile_images/687989895537799168/9pVD9kSU_normal.jpg","default_profile":true,"default_profile_image":false,"status":{"created_at":"Fri May 13 12:11:31 +0000 2016","id":731094522088804352,"id_str":"731094522088804352","text":"Via \"Omprioritering\" vil DF og V lade Gentofte-borgerne betale yderligere millionbel√∏b til andre kommuner. En ny uretf√¶rdig udligning #dkpol","truncated":false,"entities":{"hashtags":[{"text":"dkpol","indices":[134,140]}],"symbols":[],"user_mentions":[],"urls":[]},"source":"<a href=\"http://twitter.com/download/iphone\" rel=\"nofollow\">Twitter for iPhone</a>","in_reply_to_status_id":null,"in_reply_to_status_id_str":null,"in_reply_to_user_id":null,"in_reply_to_user_id_str":null,"in_reply_to_screen_name":null,"geo":null,"coordinates":null,"place":null,"contributors":null,"is_quote_status":false,"retweet_count":1,"favorite_count":3,"favorited":false,"retweeted":false,"lang":"da"}}
{"id":3108704116,"id_str":"3108704116","name":"Qasam Nazir Ahmad","screen_name":"qasamnahmad","protected":false,"verified":false,"followers_count":315,"friends_count":166,"listed_count":26,"favourites_count":341,"statuses_count":172,"created_at":"Mon Mar 23 21:26:54 +0000 2015","profile_background_image_url":"http://abs.twimg.com/images/themes/theme1/bg.png","profile_background_image_url_https":"https://abs.twimg.com/images/themes/theme1/bg.png","profile_background_tile":false,"profile_use_background_image":true,"profile_image_url":"http://pbs.twimg.com/profile_images/830413888915128321/lSwsgEsT_normal.jpg","profile_image_url_https":"https://pbs.twimg.com/profile_images/830413888915128321/lSwsgEsT_normal.jpg","default_profile":true,"default_profile_image":false,"status":{"created_at":"Thu Feb 28 11:00:04 +0000 2019","id":1101074550580752385,"id_str":"1101074550580752385","text":"Nogle gange skal man bare kalde en spade for en spade, #Klimakrise for klimakrise og en racist for racist #dkpol #dkmedier","truncated":false,"entities":{"hashtags":[{"text":"Klimakrise","indices":[55,66]},{"text":"dkpol","indices":[106,112]},{"text":"dkmedier","indices":[113,122]}],"symbols":[],"user_mentions":[],"urls":[]},"source":"<a href=\"http://twitter.com/download/iphone\" rel=\"nofollow\">Twitter for iPhone</a>","in_reply_to_status_id":null,"in_reply_to_status_id_str":null,"in_reply_to_user_id":null,"in_reply_to_user_id_str":null,"in_reply_to_screen_name":null,"geo":null,"coordinates":null,"place":null,"contributors":null,"is_quote_status":false,"retweet_count":0,"favorite_count":3,"favorited":false,"retweeted":false,"lang":"da"}}
{"id":2512342513,"id_str":"2512342513","name":"Annie Hagel","screen_name":"AnnieHagel","protected":false,"verified":false,"followers_count":29,"friends_count":32,"listed_count":13,"favourites_count":1,"statuses_count":13,"created_at":"Wed May 21 11:30:24 +0000 2014","profile_background_image_url":"http://abs.twimg.com/images/themes/theme1/bg.png","profile_background_image_url_https":"https://abs.twimg.com/images/themes/theme1/bg.png","profile_background_tile":false,"profile_use_background_image":true,"profile_image_url":"http://pbs.twimg.com/profile_images/469078321176006658/VHjb_Urp_normal.jpeg","profile_image_url_https":"https://pbs.twimg.com/profile_images/469078321176006658/VHjb_Urp_normal.jpeg","default_profile":false,"default_profile_image":false,"status":{"created_at":"Thu Oct 08 07:18:41 +0000 2015","id":652020271646380032,"id_str":"652020271646380032","text":"@PSkipperEL smukt","truncated":false,"entities":{"hashtags":[],"symbols":[],"user_mentions":[{"screen_name":"PSkipperEL","name":"Pernille Skipper","id":611076925,"id_str":"611076925","indices":[0,11]}],"urls":[]},"source":"<a href=\"http://twitter.com/download/iphone\" rel=\"nofollow\">Twitter for iPhone</a>","in_reply_to_status_id":651734995694915584,"in_reply_to_status_id_str":"651734995694915584","in_reply_to_user_id":611076925,"in_reply_to_user_id_str":"611076925","in_reply_to_screen_name":"PSkipperEL","geo":null,"coordinates":null,"place":null,"contributors":null,"is_quote_status":false,"retweet_count":0,"favorite_count":0,"favorited":false,"retweeted":false,"lang":"lv"}}
{"id":2452526014,"id_str":"2452526014","name":"Jens Mandrup","screen_name":"jensmandrup","protected":false,"verified":false,"followers_count":494,"friends_count":368,"listed_count":35,"favourites_count":5722,"statuses_count":2532,"created_at":"Tue Apr 01 14:20:29 +0000 2014","profile_background_image_url":"http://abs.twimg.com/images/themes/theme1/bg.png","profile_background_image_url_https":"https://abs.twimg.com/images/themes/theme1/bg.png","profile_background_tile":false,"profile_use_background_image":true,"profile_image_url":"http://pbs.twimg.com/profile_images/458583189435330560/pzpXNpw4_normal.jpeg","profile_image_url_https":"https://pbs.twimg.com/profile_images/458583189435330560/pzpXNpw4_normal.jpeg","default_profile":false,"default_profile_image":false,"status":{"created_at":"Tue Mar 05 11:42:57 +0000 2019","id":1102897281047629826,"id_str":"1102897281047629826","text":"RT @CNETNews: Studying almost every child born in Denmark for the last 10 years shows no link between autism and the measles, mumps and rub‚Ä¶","truncated":false,"entities":{"hashtags":[],"symbols":[],"user_mentions":[{"screen_name":"CNETNews","name":"CNET News","id":819800,"id_str":"819800","indices":[3,12]}],"urls":[]},"source":"<a href=\"http://twitter.com/#!/download/ipad\" rel=\"nofollow\">Twitter for iPad</a>","in_reply_to_status_id":null,"in_reply_to_status_id_str":null,"in_reply_to_user_id":null,"in_reply_to_user_id_str":null,"in_reply_to_screen_name":null,"geo":null,"coordinates":null,"place":null,"contributors":null,"retweeted_status":{"created_at":"Tue Mar 05 03:45:18 +0000 2019","id":1102777077458182144,"id_str":"1102777077458182144","text":"Studying almost every child born in Denmark for the last 10 years shows no link between autism and the measles, mum‚Ä¶ https://t.co/swnHVgE0LS","truncated":true,"entities":{"hashtags":[],"symbols":[],"user_mentions":[],"urls":[{"url":"https://t.co/swnHVgE0LS","expanded_url":"https://twitter.com/i/web/status/1102777077458182144","display_url":"twitter.com/i/web/status/1‚Ä¶","indices":[117,140]}]},"source":"<a href=\"https://www.sprinklr.com\" rel=\"nofollow\">Sprinklr</a>","in_reply_to_status_id":null,"in_reply_to_status_id_str":null,"in_reply_to_user_id":null,"in_reply_to_user_id_str":null,"in_reply_to_screen_name":null,"geo":null,"coordinates":null,"place":null,"contributors":null,"is_quote_status":false,"retweet_count":114,"favorite_count":174,"favorited":false,"retweeted":false,"possibly_sensitive":false,"lang":"en"},"is_quote_status":false,"retweet_count":114,"favorite_count":0,"favorited":false,"retweeted":false,"lang":"en"}}
{"id":2426799701,"id_str":"2426799701","name":"Freja S√∂dergran","screen_name":"Frejasodergran","protected":false,"verified":false,"followers_count":10,"friends_count":13,"listed_count":8,"favourites_count":2,"statuses_count":11,"created_at":"Fri Mar 21 12:12:58 +0000 2014","profile_background_image_url":"http://abs.twimg.com/images/themes/theme1/bg.png","profile_background_image_url_https":"https://abs.twimg.com/images/themes/theme1/bg.png","profile_background_tile":false,"profile_use_background_image":true,"profile_image_url":"http://pbs.twimg.com/profile_images/446988238813925376/SRoVcGXo_normal.jpeg","profile_image_url_https":"https://pbs.twimg.com/profile_images/446988238813925376/SRoVcGXo_normal.jpeg","default_profile":true,"default_profile_image":false,"status":{"created_at":"Tue May 20 20:58:01 +0000 2014","id":468858205737873409,"id_str":"468858205737873409","text":"Det er en b√∏rnehave p√• TV2! Det er √•benbart den der r√•ber h√∏jst der f√•r ordet.. #tv2valg","truncated":false,"entities":{"hashtags":[{"text":"tv2valg","indices":[80,88]}],"symbols":[],"user_mentions":[],"urls":[]},"source":"<a href=\"http://twitter.com/download/iphone\" rel=\"nofollow\">Twitter for iPhone</a>","in_reply_to_status_id":null,"in_reply_to_status_id_str":null,"in_reply_to_user_id":null,"in_reply_to_user_id_str":null,"in_reply_to_screen_name":null,"geo":null,"coordinates":null,"place":null,"contributors":null,"is_quote_status":false,"retweet_count":0,"favorite_count":0,"favorited":false,"retweeted":false,"lang":"da"}}
{"id":1547829955,"id_str":"1547829955","name":"Annie Hagel","screen_name":"hagel6","protected":false,"verified":false,"followers_count":24,"friends_count":8,"listed_count":8,"favourites_count":3,"statuses_count":5,"created_at":"Wed Jun 26 10:00:42 +0000 2013","profile_background_image_url":"http://abs.twimg.com/images/themes/theme1/bg.png","profile_background_image_url_https":"https://abs.twimg.com/images/themes/theme1/bg.png","profile_background_tile":false,"profile_use_background_image":true,"profile_image_url":"http://abs.twimg.com/sticky/default_profile_images/default_profile_normal.png","profile_image_url_https":"https://abs.twimg.com/sticky/default_profile_images/default_profile_normal.png","default_profile":true,"default_profile_image":true,"status":{"created_at":"Fri Aug 17 13:52:46 +0000 2018","id":1030452377294462976,"id_str":"1030452377294462976","text":"RT @Lisem_ller: Pinligt selvm√•l af @dagensmedcin at insinuere at @SophieHAndersen er et barn. Sexismen burde v√¶re forladt. Det her er 2018.‚Ä¶","truncated":false,"entities":{"hashtags":[],"symbols":[],"user_mentions":[{"screen_name":"Lisem_ller","name":"Lise M√ºller","id":2218774262,"id_str":"2218774262","indices":[3,14]}],"urls":[]},"source":"<a href=\"http://twitter.com\" rel=\"nofollow\">Twitter Web Client</a>","in_reply_to_status_id":null,"in_reply_to_status_id_str":null,"in_reply_to_user_id":null,"in_reply_to_user_id_str":null,"in_reply_to_screen_name":null,"geo":null,"coordinates":null,"place":null,"contributors":null,"retweeted_status":{"created_at":"Fri Aug 17 13:00:15 +0000 2018","id":1030439162833448960,"id_str":"1030439162833448960","text":"Pinligt selvm√•l af @dagensmedcin at insinuere at @SophieHAndersen er et barn. Sexismen burde v√¶re forladt. Det her‚Ä¶ https://t.co/W6RS7WGY27","truncated":true,"entities":{"hashtags":[],"symbols":[],"user_mentions":[{"screen_name":"SophieHAndersen","name":"Sophie H. Andersen","id":37293636,"id_str":"37293636","indices":[49,65]}],"urls":[{"url":"https://t.co/W6RS7WGY27","expanded_url":"https://twitter.com/i/web/status/1030439162833448960","display_url":"twitter.com/i/web/status/1‚Ä¶","indices":[116,139]}]},"source":"<a href=\"http://twitter.com/download/iphone\" rel=\"nofollow\">Twitter for iPhone</a>","in_reply_to_status_id":null,"in_reply_to_status_id_str":null,"in_reply_to_user_id":null,"in_reply_to_user_id_str":null,"in_reply_to_screen_name":null,"geo":null,"coordinates":null,"place":null,"contributors":null,"is_quote_status":false,"retweet_count":5,"favorite_count":26,"favorited":false,"retweeted":false,"possibly_sensitive":false,"lang":"da"},"is_quote_status":false,"retweet_count":5,"favorite_count":0,"favorited":false,"retweeted":false,"lang":"da"}}
{"id":1499395087,"id_str":"1499395087","name":"Erik R Gregersen","screen_name":"ErikRGregersen","protected":false,"verified":false,"followers_count":28,"friends_count":85,"listed_count":12,"favourites_count":6,"statuses_count":2,"created_at":"Mon Jun 10 21:00:41 +0000 2013","profile_background_image_url":"http://abs.twimg.com/images/themes/theme1/bg.png","profile_background_image_url_https":"https://abs.twimg.com/images/themes/theme1/bg.png","profile_background_tile":false,"profile_use_background_image":true,"profile_image_url":"http://abs.twimg.com/sticky/default_profile_images/default_profile_normal.png","profile_image_url_https":"https://abs.twimg.com/sticky/default_profile_images/default_profile_normal.png","default_profile":true,"default_profile_image":true,"status":{"created_at":"Thu Apr 19 16:48:51 +0000 2018","id":987010145711480833,"id_str":"987010145711480833","text":"RT @Fpless: De m√• have f√•et politisk demens p√• Christiansborg. Vores parti arbejder ikke for ulighed i sundhed!! @Spolitik At g√∏re tolkning‚Ä¶","truncated":false,"entities":{"hashtags":[],"symbols":[],"user_mentions":[{"screen_name":"Fpless","name":"Flemming Pless","id":28104662,"id_str":"28104662","indices":[3,10]},{"screen_name":"Spolitik","name":"Socialdemokratiet","id":251034857,"id_str":"251034857","indices":[113,122]}],"urls":[]},"source":"<a href=\"https://mobile.twitter.com\" rel=\"nofollow\">Twitter Web App</a>","in_reply_to_status_id":null,"in_reply_to_status_id_str":null,"in_reply_to_user_id":null,"in_reply_to_user_id_str":null,"in_reply_to_screen_name":null,"geo":null,"coordinates":null,"place":null,"contributors":null,"retweeted_status":{"created_at":"Fri Apr 13 06:44:52 +0000 2018","id":984683822037028864,"id_str":"984683822037028864","text":"De m√• have f√•et politisk demens p√• Christiansborg. Vores parti arbejder ikke for ulighed i sundhed!! @Spolitik At g‚Ä¶ https://t.co/cIG7U9i7Uj","truncated":true,"entities":{"hashtags":[],"symbols":[],"user_mentions":[{"screen_name":"Spolitik","name":"Socialdemokratiet","id":251034857,"id_str":"251034857","indices":[101,110]}],"urls":[{"url":"https://t.co/cIG7U9i7Uj","expanded_url":"https://twitter.com/i/web/status/984683822037028864","display_url":"twitter.com/i/web/status/9‚Ä¶","indices":[117,140]}]},"source":"<a href=\"http://twitter.com/#!/download/ipad\" rel=\"nofollow\">Twitter for iPad</a>","in_reply_to_status_id":null,"in_reply_to_status_id_str":null,"in_reply_to_user_id":null,"in_reply_to_user_id_str":null,"in_reply_to_screen_name":null,"geo":null,"coordinates":null,"place":null,"contributors":null,"is_quote_status":false,"retweet_count":21,"favorite_count":67,"favorited":false,"retweeted":false,"possibly_sensitive":false,"lang":"da"},"is_quote_status":false,"retweet_count":21,"favorite_count":0,"favorited":false,"retweeted":false,"lang":"da"}}
{"id":1362877993,"id_str":"1362877993","name":"Annette Randl√∏v","screen_name":"randlov62","protected":false,"verified":false,"followers_count":15,"friends_count":160,"listed_count":7,"favourites_count":8,"statuses_count":12,"created_at":"Thu Apr 18 20:43:23 +0000 2013","profile_background_image_url":"http://abs.twimg.com/images/themes/theme1/bg.png","profile_background_image_url_https":"https://abs.twimg.com/images/themes/theme1/bg.png","profile_background_tile":false,"profile_use_background_image":true,"profile_image_url":"http://abs.twimg.com/sticky/default_profile_images/default_profile_normal.png","profile_image_url_https":"https://abs.twimg.com/sticky/default_profile_images/default_profile_normal.png","default_profile":true,"default_profile_image":true,"status":{"created_at":"Sun Oct 28 13:23:24 +0000 2018","id":1056536912725454848,"id_str":"1056536912725454848","text":"Alle kan beg√• fejl ‚Äì men hvorfor gentage dem? https://t.co/CDKvifweg0","truncated":false,"entities":{"hashtags":[],"symbols":[],"user_mentions":[],"urls":[{"url":"https://t.co/CDKvifweg0","expanded_url":"https://www.mm.dk/artikel/alle-kan-begaa-fejl-men-hvorfor-gentage-dem#.W9W4Rrq4Fw4.twitter","display_url":"mm.dk/artikel/alle-k‚Ä¶","indices":[46,69]}]},"source":"<a href=\"http://twitter.com\" rel=\"nofollow\">Twitter Web Client</a>","in_reply_to_status_id":null,"in_reply_to_status_id_str":null,"in_reply_to_user_id":null,"in_reply_to_user_id_str":null,"in_reply_to_screen_name":null,"geo":null,"coordinates":null,"place":null,"contributors":null,"is_quote_status":false,"retweet_count":1,"favorite_count":1,"favorited":false,"retweeted":false,"possibly_sensitive":false,"lang":"da"}}
{"id":1322635321,"id_str":"1322635321","name":"Christine Dal","screen_name":"DalChristine","protected":false,"verified":false,"followers_count":217,"friends_count":358,"listed_count":14,"favourites_count":74,"statuses_count":124,"created_at":"Tue Apr 02 14:42:23 +0000 2013","profile_background_image_url":"http://abs.twimg.com/images/themes/theme1/bg.png","profile_background_image_url_https":"https://abs.twimg.com/images/themes/theme1/bg.png","profile_background_tile":false,"profile_use_background_image":false,"profile_image_url":"http://pbs.twimg.com/profile_images/421735951828656129/pjCuL3jY_normal.jpeg","profile_image_url_https":"https://pbs.twimg.com/profile_images/421735951828656129/pjCuL3jY_normal.jpeg","default_profile":false,"default_profile_image":false,"status":{"created_at":"Mon May 21 13:03:44 +0000 2018","id":998549908041928705,"id_str":"998549908041928705","text":"@nielsaalbaek Dit tweet er simpelthen det dummeste, mest historiel√∏se og modbydelige jeg har set! Og jeg f√∏lger @realDonaldTrump üò≥","truncated":false,"entities":{"hashtags":[],"symbols":[],"user_mentions":[{"screen_name":"realDonaldTrump","name":"Donald J. Trump","id":25073877,"id_str":"25073877","indices":[112,128]}],"urls":[]},"source":"<a href=\"http://twitter.com\" rel=\"nofollow\">Twitter Web Client</a>","in_reply_to_status_id":null,"in_reply_to_status_id_str":null,"in_reply_to_user_id":null,"in_reply_to_user_id_str":null,"in_reply_to_screen_name":null,"geo":null,"coordinates":null,"place":null,"contributors":null,"is_quote_status":false,"retweet_count":0,"favorite_count":11,"favorited":false,"retweeted":false,"lang":"da"}}
{"id":1291134006,"id_str":"1291134006","name":"MariaGudme","screen_name":"mariagudme","protected":false,"verified":false,"followers_count":246,"friends_count":182,"listed_count":10,"favourites_count":54,"statuses_count":56,"created_at":"Sat Mar 23 11:12:17 +0000 2013","profile_background_image_url":"http://abs.twimg.com/images/themes/theme1/bg.png","profile_background_image_url_https":"https://abs.twimg.com/images/themes/theme1/bg.png","profile_background_tile":false,"profile_use_background_image":true,"profile_image_url":"http://pbs.twimg.com/profile_images/854949057369964544/2UYSLn_4_normal.jpg","profile_image_url_https":"https://pbs.twimg.com/profile_images/854949057369964544/2UYSLn_4_normal.jpg","default_profile":true,"default_profile_image":false,"status":{"created_at":"Tue Dec 25 17:13:33 +0000 2018","id":1077613327432454147,"id_str":"1077613327432454147","text":"N√•r to m√¶nd stiller op mod hinanden hedder det vist bare et kampvalg - n√•r det er to kvinder mener @ekstrabladet at‚Ä¶ https://t.co/macL0GeY3c","truncated":true,"entities":{"hashtags":[],"symbols":[],"user_mentions":[{"screen_name":"EkstraBladet","name":"Ekstra Bladet","id":14915189,"id_str":"14915189","indices":[99,112]}],"urls":[{"url":"https://t.co/macL0GeY3c","expanded_url":"https://twitter.com/i/web/status/1077613327432454147","display_url":"twitter.com/i/web/status/1‚Ä¶","indices":[117,140]}]},"source":"<a href=\"http://twitter.com/download/iphone\" rel=\"nofollow\">Twitter for iPhone</a>","in_reply_to_status_id":null,"in_reply_to_status_id_str":null,"in_reply_to_user_id":null,"in_reply_to_user_id_str":null,"in_reply_to_screen_name":null,"geo":null,"coordinates":null,"place":null,"contributors":null,"is_quote_status":false,"retweet_count":0,"favorite_count":1,"favorited":false,"retweeted":false,"possibly_sensitive":false,"lang":"da"}}
{"id":965748392,"id_str":"965748392","name":"Lars Gaardh√∏j","screen_name":"larsgaardhoj","protected":false,"verified":false,"followers_count":1392,"friends_count":2386,"listed_count":46,"favourites_count":6063,"statuses_count":4683,"created_at":"Fri Nov 23 08:43:53 +0000 2012","profile_background_image_url":"http://abs.twimg.com/images/themes/theme1/bg.png","profile_background_image_url_https":"https://abs.twimg.com/images/themes/theme1/bg.png","profile_background_tile":false,"profile_use_background_image":true,"profile_image_url":"http://pbs.twimg.com/profile_images/999324394114592768/J_Idorct_normal.jpg","profile_image_url_https":"https://pbs.twimg.com/profile_images/999324394114592768/J_Idorct_normal.jpg","default_profile":false,"default_profile_image":false,"status":{"created_at":"Mon Mar 04 19:50:27 +0000 2019","id":1102657577329008642,"id_str":"1102657577329008642","text":"@alternativet_ @carolinamaier Nemlig, det er vigtigt at passe p√• grundvandet. Regeringens sundhedsreformen fjerner‚Ä¶ https://t.co/yHeH5g3yCd","truncated":true,"entities":{"hashtags":[],"symbols":[],"user_mentions":[{"screen_name":"alternativet_","name":"Alternativet","id":1704527995,"id_str":"1704527995","indices":[0,14]},{"screen_name":"carolinamaier","name":"Carolina M. Maier","id":33848504,"id_str":"33848504","indices":[15,29]}],"urls":[{"url":"https://t.co/yHeH5g3yCd","expanded_url":"https://twitter.com/i/web/status/1102657577329008642","display_url":"twitter.com/i/web/status/1‚Ä¶","indices":[116,139]}]},"source":"<a href=\"http://twitter.com/#!/download/ipad\" rel=\"nofollow\">Twitter for iPad</a>","in_reply_to_status_id":1102635491101458432,"in_reply_to_status_id_str":"1102635491101458432","in_reply_to_user_id":1704527995,"in_reply_to_user_id_str":"1704527995","in_reply_to_screen_name":"alternativet_","geo":null,"coordinates":null,"place":null,"contributors":null,"is_quote_status":false,"retweet_count":1,"favorite_count":2,"favorited":false,"retweeted":false,"possibly_sensitive":false,"lang":"da"}}
{"id":625967344,"id_str":"625967344","name":"Jesper Clausson (S)","screen_name":"StemClausson","protected":false,"verified":false,"followers_count":125,"friends_count":246,"listed_count":9,"favourites_count":3831,"statuses_count":196,"created_at":"Tue Jul 03 22:59:09 +0000 2012","profile_background_image_url":"http://abs.twimg.com/images/themes/theme1/bg.png","profile_background_image_url_https":"https://abs.twimg.com/images/themes/theme1/bg.png","profile_background_tile":false,"profile_use_background_image":false,"profile_image_url":"http://pbs.twimg.com/profile_images/888882769086042113/dJ8YCsw5_normal.jpg","profile_image_url_https":"https://pbs.twimg.com/profile_images/888882769086042113/dJ8YCsw5_normal.jpg","default_profile":false,"default_profile_image":false,"status":{"created_at":"Tue Mar 05 20:58:32 +0000 2019","id":1103037096946790400,"id_str":"1103037096946790400","text":"RT @SophieHAndersen: Det er en rigtig god beslutning @alternativet_ ! Lad os tale videre om, hvordan vi f√•r l√∏st de reelle problemer i sund‚Ä¶","truncated":false,"entities":{"hashtags":[],"symbols":[],"user_mentions":[{"screen_name":"SophieHAndersen","name":"Sophie H. Andersen","id":37293636,"id_str":"37293636","indices":[3,19]},{"screen_name":"alternativet_","name":"Alternativet","id":1704527995,"id_str":"1704527995","indices":[53,67]}],"urls":[]},"source":"<a href=\"http://twitter.com/download/android\" rel=\"nofollow\">Twitter for Android</a>","in_reply_to_status_id":null,"in_reply_to_status_id_str":null,"in_reply_to_user_id":null,"in_reply_to_user_id_str":null,"in_reply_to_screen_name":null,"geo":null,"coordinates":null,"place":null,"contributors":null,"retweeted_status":{"created_at":"Tue Mar 05 18:16:04 +0000 2019","id":1102996211227942913,"id_str":"1102996211227942913","text":"Det er en rigtig god beslutning @alternativet_ ! Lad os tale videre om, hvordan vi f√•r l√∏st de reelle problemer i s‚Ä¶ https://t.co/xABlPwWFNa","truncated":true,"entities":{"hashtags":[],"symbols":[],"user_mentions":[{"screen_name":"alternativet_","name":"Alternativet","id":1704527995,"id_str":"1704527995","indices":[32,46]}],"urls":[{"url":"https://t.co/xABlPwWFNa","expanded_url":"https://twitter.com/i/web/status/1102996211227942913","display_url":"twitter.com/i/web/status/1‚Ä¶","indices":[117,140]}]},"source":"<a href=\"http://twitter.com/download/iphone\" rel=\"nofollow\">Twitter for iPhone</a>","in_reply_to_status_id":null,"in_reply_to_status_id_str":null,"in_reply_to_user_id":null,"in_reply_to_user_id_str":null,"in_reply_to_screen_name":null,"geo":null,"coordinates":null,"place":{"id":"936b83f20956cd4c","url":"https://api.twitter.com/1.1/geo/id/936b83f20956cd4c.json","place_type":"city","name":"Copenhagen","full_name":"Copenhagen, Denmark","country_code":"DK","country":"Denmark","contained_within":[],"bounding_box":{"type":"Polygon","coordinates":[[[12.453064,55.613717],[12.6522012,55.613717],[12.6522012,55.731834],[12.453064,55.731834]]]},"attributes":{}},"contributors":null,"is_quote_status":false,"retweet_count":5,"favorite_count":36,"favorited":false,"retweeted":false,"possibly_sensitive":false,"lang":"da"},"is_quote_status":false,"retweet_count":5,"favorite_count":0,"favorited":false,"retweeted":false,"lang":"da"}}
{"id":436592286,"id_str":"436592286","name":"Peter Westermann","screen_name":"WestermannPeter","protected":false,"verified":false,"followers_count":1324,"friends_count":1255,"listed_count":42,"favourites_count":2359,"statuses_count":976,"created_at":"Wed Dec 14 10:10:20 +0000 2011","profile_background_image_url":"http://abs.twimg.com/images/themes/theme1/bg.png","profile_background_image_url_https":"https://abs.twimg.com/images/themes/theme1/bg.png","profile_background_tile":false,"profile_use_background_image":false,"profile_image_url":"http://pbs.twimg.com/profile_images/916290346719555584/Q5eaNcDe_normal.jpg","profile_image_url_https":"https://pbs.twimg.com/profile_images/916290346719555584/Q5eaNcDe_normal.jpg","default_profile":false,"default_profile_image":false,"status":{"created_at":"Fri Feb 22 15:56:04 +0000 2019","id":1098974713051836419,"id_str":"1098974713051836419","text":"RT @MargreteAuken: Pinligt! https://t.co/7LwtJpCMRW","truncated":false,"entities":{"hashtags":[],"symbols":[],"user_mentions":[{"screen_name":"MargreteAuken","name":"Margrete Auken #FBPE","id":37643162,"id_str":"37643162","indices":[3,17]}],"urls":[{"url":"https://t.co/7LwtJpCMRW","expanded_url":"https://twitter.com/ChrHallum/status/1098683042611322880","display_url":"twitter.com/ChrHallum/stat‚Ä¶","indices":[28,51]}]},"source":"<a href=\"http://twitter.com/download/iphone\" rel=\"nofollow\">Twitter for iPhone</a>","in_reply_to_status_id":null,"in_reply_to_status_id_str":null,"in_reply_to_user_id":null,"in_reply_to_user_id_str":null,"in_reply_to_screen_name":null,"geo":null,"coordinates":null,"place":null,"contributors":null,"retweeted_status":{"created_at":"Fri Feb 22 06:17:11 +0000 2019","id":1098829034459406336,"id_str":"1098829034459406336","text":"Pinligt! https://t.co/7LwtJpCMRW","truncated":false,"entities":{"hashtags":[],"symbols":[],"user_mentions":[],"urls":[{"url":"https://t.co/7LwtJpCMRW","expanded_url":"https://twitter.com/ChrHallum/status/1098683042611322880","display_url":"twitter.com/ChrHallum/stat‚Ä¶","indices":[9,32]}]},"source":"<a href=\"http://twitter.com/download/iphone\" rel=\"nofollow\">Twitter for iPhone</a>","in_reply_to_status_id":null,"in_reply_to_status_id_str":null,"in_reply_to_user_id":null,"in_reply_to_user_id_str":null,"in_reply_to_screen_name":null,"geo":null,"coordinates":null,"place":null,"contributors":null,"is_quote_status":true,"quoted_status_id":1098683042611322880,"quoted_status_id_str":"1098683042611322880","retweet_count":16,"favorite_count":63,"favorited":false,"retweeted":false,"possibly_sensitive":false,"lang":"sv"},"is_quote_status":true,"quoted_status_id":1098683042611322880,"quoted_status_id_str":"1098683042611322880","retweet_count":16,"favorite_count":0,"favorited":false,"retweeted":false,"possibly_sensitive":false,"lang":"sv"}}
{"id":411810074,"id_str":"411810074","name":"Karin Friis Bach","screen_name":"karinFbach","protected":false,"verified":false,"followers_count":1200,"friends_count":226,"listed_count":18,"favourites_count":1834,"statuses_count":907,"created_at":"Sun Nov 13 22:25:38 +0000 2011","profile_background_image_url":"http://abs.twimg.com/images/themes/theme1/bg.png","profile_background_image_url_https":"https://abs.twimg.com/images/themes/theme1/bg.png","profile_background_tile":false,"profile_use_background_image":true,"profile_image_url":"http://pbs.twimg.com/profile_images/1084611702816157696/zW1UFoxG_normal.jpg","profile_image_url_https":"https://pbs.twimg.com/profile_images/1084611702816157696/zW1UFoxG_normal.jpg","default_profile":true,"default_profile_image":false,"status":{"created_at":"Mon Mar 04 03:25:20 +0000 2019","id":1102409663407185920,"id_str":"1102409663407185920","text":"RT @kristensenps: Form√•let med UTHsystemet er at skabe l√¶ring! Vi skal v√¶rne om #psykologisktryghed i systemet siger ‚Å¶@VibekeRischel‚Å© #pati‚Ä¶","truncated":false,"entities":{"hashtags":[{"text":"psykologisktryghed","indices":[80,99]}],"symbols":[],"user_mentions":[{"screen_name":"kristensenps","name":"Inge Kristensen","id":899869014,"id_str":"899869014","indices":[3,16]},{"screen_name":"VibekeRischel","name":"Vibeke Rischel","id":453149698,"id_str":"453149698","indices":[118,132]}],"urls":[]},"source":"<a href=\"http://twitter.com/download/iphone\" rel=\"nofollow\">Twitter for iPhone</a>","in_reply_to_status_id":null,"in_reply_to_status_id_str":null,"in_reply_to_user_id":null,"in_reply_to_user_id_str":null,"in_reply_to_screen_name":null,"geo":null,"coordinates":null,"place":null,"contributors":null,"retweeted_status":{"created_at":"Sun Mar 03 07:46:18 +0000 2019","id":1102112950565916672,"id_str":"1102112950565916672","text":"Form√•let med UTHsystemet er at skabe l√¶ring! Vi skal v√¶rne om #psykologisktryghed i systemet siger ‚Å¶@VibekeRischel‚Å©‚Ä¶ https://t.co/lFqS92tPA1","truncated":true,"entities":{"hashtags":[{"text":"psykologisktryghed","indices":[62,81]}],"symbols":[],"user_mentions":[{"screen_name":"VibekeRischel","name":"Vibeke Rischel","id":453149698,"id_str":"453149698","indices":[100,114]}],"urls":[{"url":"https://t.co/lFqS92tPA1","expanded_url":"https://twitter.com/i/web/status/1102112950565916672","display_url":"twitter.com/i/web/status/1‚Ä¶","indices":[117,140]}]},"source":"<a href=\"http://twitter.com/download/iphone\" rel=\"nofollow\">Twitter for iPhone</a>","in_reply_to_status_id":null,"in_reply_to_status_id_str":null,"in_reply_to_user_id":null,"in_reply_to_user_id_str":null,"in_reply_to_screen_name":null,"geo":null,"coordinates":null,"place":null,"contributors":null,"is_quote_status":false,"retweet_count":15,"favorite_count":44,"favorited":false,"retweeted":false,"possibly_sensitive":false,"lang":"da"},"is_quote_status":false,"retweet_count":15,"favorite_count":0,"favorited":false,"retweeted":false,"lang":"da"}}
{"id":358597193,"id_str":"358597193","name":"Martin Geertsen","screen_name":"Martin_Geertsen","protected":false,"verified":true,"followers_count":5345,"friends_count":1947,"listed_count":113,"favourites_count":916,"statuses_count":2297,"created_at":"Sat Aug 20 05:15:34 +0000 2011","profile_background_image_url":"http://abs.twimg.com/images/themes/theme1/bg.png","profile_background_image_url_https":"https://abs.twimg.com/images/themes/theme1/bg.png","profile_background_tile":false,"profile_use_background_image":true,"profile_image_url":"http://pbs.twimg.com/profile_images/580851044596326400/ev86SwJC_normal.jpg","profile_image_url_https":"https://pbs.twimg.com/profile_images/580851044596326400/ev86SwJC_normal.jpg","default_profile":true,"default_profile_image":false,"status":{"created_at":"Fri Oct 07 13:00:54 +0000 2016","id":784377965400424448,"id_str":"784377965400424448","text":"@pomaEB Er helt sikker p√•, at du kan indbetale frivilligt bidrag i skat, hvis du synes, du betaler for lidt. God velstillet weekend #dkpol","truncated":false,"entities":{"hashtags":[{"text":"dkpol","indices":[132,138]}],"symbols":[],"user_mentions":[{"screen_name":"pomaEB","name":"Poul Madsen","id":37673304,"id_str":"37673304","indices":[0,7]}],"urls":[]},"source":"<a href=\"http://twitter.com/download/iphone\" rel=\"nofollow\">Twitter for iPhone</a>","in_reply_to_status_id":784008126173474816,"in_reply_to_status_id_str":"784008126173474816","in_reply_to_user_id":37673304,"in_reply_to_user_id_str":"37673304","in_reply_to_screen_name":"pomaEB","geo":null,"coordinates":null,"place":null,"contributors":null,"is_quote_status":false,"retweet_count":1,"favorite_count":4,"favorited":false,"retweeted":false,"lang":"da"}}
{"id":354505882,"id_str":"354505882","name":"√ñzkan Kocak","screen_name":"O76kocak","protected":false,"verified":false,"followers_count":432,"friends_count":720,"listed_count":31,"favourites_count":743,"statuses_count":1028,"created_at":"Sat Aug 13 20:52:00 +0000 2011","profile_background_image_url":"http://abs.twimg.com/images/themes/theme4/bg.gif","profile_background_image_url_https":"https://abs.twimg.com/images/themes/theme4/bg.gif","profile_background_tile":false,"profile_use_background_image":true,"profile_image_url":"http://pbs.twimg.com/profile_images/583215593957928960/MJGZ8iBA_normal.jpg","profile_image_url_https":"https://pbs.twimg.com/profile_images/583215593957928960/MJGZ8iBA_normal.jpg","default_profile":false,"default_profile_image":false,"status":{"created_at":"Wed Jan 23 07:56:48 +0000 2019","id":1087982467166932993,"id_str":"1087982467166932993","text":"De gamle systemer, som Sundhedsplatformen erstatter, var ikke tidssvarende, og var ikke sikrede fremadrettet. Alter‚Ä¶ https://t.co/z6PgkZ7J5J","truncated":true,"entities":{"hashtags":[],"symbols":[],"user_mentions":[],"urls":[{"url":"https://t.co/z6PgkZ7J5J","expanded_url":"https://twitter.com/i/web/status/1087982467166932993","display_url":"twitter.com/i/web/status/1‚Ä¶","indices":[117,140]}]},"source":"<a href=\"http://twitter.com/download/android\" rel=\"nofollow\">Twitter for Android</a>","in_reply_to_status_id":null,"in_reply_to_status_id_str":null,"in_reply_to_user_id":null,"in_reply_to_user_id_str":null,"in_reply_to_screen_name":null,"geo":null,"coordinates":null,"place":{"id":"86966509848d9894","url":"https://api.twitter.com/1.1/geo/id/86966509848d9894.json","place_type":"city","name":"H√∏je-Taastrup","full_name":"H√∏je-Taastrup, Danmark","country_code":"DK","country":"Denmark","contained_within":[],"bounding_box":{"type":"Polygon","coordinates":[[[12.150453,55.605029],[12.3461149,55.605029],[12.3461149,55.7085063],[12.150453,55.7085063]]]},"attributes":{}},"contributors":null,"is_quote_status":false,"retweet_count":0,"favorite_count":2,"favorited":false,"retweeted":false,"lang":"da"}}
{"id":323853467,"id_str":"323853467","name":"Leif Olsen","screen_name":"Leif_Olsen","protected":false,"verified":false,"followers_count":2,"friends_count":13,"listed_count":7,"favourites_count":0,"statuses_count":4,"created_at":"Sat Jun 25 15:04:21 +0000 2011","profile_background_image_url":"http://abs.twimg.com/images/themes/theme1/bg.png","profile_background_image_url_https":"https://abs.twimg.com/images/themes/theme1/bg.png","profile_background_tile":false,"profile_use_background_image":true,"profile_image_url":"http://abs.twimg.com/sticky/default_profile_images/default_profile_normal.png","profile_image_url_https":"https://abs.twimg.com/sticky/default_profile_images/default_profile_normal.png","default_profile":true,"default_profile_image":true,"status":{"created_at":"Tue Aug 09 16:12:24 +0000 2011","id":100962641035542528,"id_str":"100962641035542528","text":"jeg gr√¶der eller griner af Liberalistisk Alliance","truncated":false,"entities":{"hashtags":[],"symbols":[],"user_mentions":[],"urls":[]},"source":"<a href=\"http://twitter.com\" rel=\"nofollow\">Twitter Web Client</a>","in_reply_to_status_id":null,"in_reply_to_status_id_str":null,"in_reply_to_user_id":null,"in_reply_to_user_id_str":null,"in_reply_to_screen_name":null,"geo":null,"coordinates":null,"place":null,"contributors":null,"is_quote_status":false,"retweet_count":0,"favorite_count":2,"favorited":false,"retweeted":false,"lang":"da"}}
{"id":256143219,"id_str":"256143219","name":"Karoline Vind","screen_name":"KarolineVind","protected":false,"verified":false,"followers_count":428,"friends_count":491,"listed_count":19,"favourites_count":639,"statuses_count":123,"created_at":"Tue Feb 22 19:05:41 +0000 2011","profile_background_image_url":"http://abs.twimg.com/images/themes/theme5/bg.gif","profile_background_image_url_https":"https://abs.twimg.com/images/themes/theme5/bg.gif","profile_background_tile":false,"profile_use_background_image":false,"profile_image_url":"http://pbs.twimg.com/profile_images/999172871036461056/E0b4rMa3_normal.jpg","profile_image_url_https":"https://pbs.twimg.com/profile_images/999172871036461056/E0b4rMa3_normal.jpg","default_profile":false,"default_profile_image":false,"status":{"created_at":"Wed Jan 16 09:50:29 +0000 2019","id":1085474361107251200,"id_str":"1085474361107251200","text":"RT @PiaOlsen: Vi har brug for flere ansatte og mere tid for at sikre trygheden for den enkelte patient, ikke strukturreformer hvor fokus fo‚Ä¶","truncated":false,"entities":{"hashtags":[],"symbols":[],"user_mentions":[{"screen_name":"PiaOlsen","name":"Pia Olsen Dyhr","id":65025162,"id_str":"65025162","indices":[3,12]}],"urls":[]},"source":"<a href=\"http://twitter.com/download/iphone\" rel=\"nofollow\">Twitter for iPhone</a>","in_reply_to_status_id":null,"in_reply_to_status_id_str":null,"in_reply_to_user_id":null,"in_reply_to_user_id_str":null,"in_reply_to_screen_name":null,"geo":null,"coordinates":null,"place":null,"contributors":null,"retweeted_status":{"created_at":"Wed Jan 16 09:38:56 +0000 2019","id":1085471454706262017,"id_str":"1085471454706262017","text":"Vi har brug for flere ansatte og mere tid for at sikre trygheden for den enkelte patient, ikke strukturreformer hvo‚Ä¶ https://t.co/qaSSgkPiap","truncated":true,"entities":{"hashtags":[],"symbols":[],"user_mentions":[],"urls":[{"url":"https://t.co/qaSSgkPiap","expanded_url":"https://twitter.com/i/web/status/1085471454706262017","display_url":"twitter.com/i/web/status/1‚Ä¶","indices":[117,140]}]},"source":"<a href=\"http://twitter.com/download/iphone\" rel=\"nofollow\">Twitter for iPhone</a>","in_reply_to_status_id":null,"in_reply_to_status_id_str":null,"in_reply_to_user_id":null,"in_reply_to_user_id_str":null,"in_reply_to_screen_name":null,"geo":null,"coordinates":null,"place":null,"contributors":null,"is_quote_status":false,"retweet_count":32,"favorite_count":106,"favorited":false,"retweeted":false,"lang":"da"},"is_quote_status":false,"retweet_count":32,"favorite_count":0,"favorited":false,"retweeted":false,"lang":"da"}}
{"id":174584703,"id_str":"174584703","name":"Anne Ehrenreich","screen_name":"anneehrenreich","protected":false,"verified":false,"followers_count":1487,"friends_count":1997,"listed_count":40,"favourites_count":6687,"statuses_count":2592,"created_at":"Wed Aug 04 08:31:08 +0000 2010","profile_background_image_url":"http://abs.twimg.com/images/themes/theme1/bg.png","profile_background_image_url_https":"https://abs.twimg.com/images/themes/theme1/bg.png","profile_background_tile":false,"profile_use_background_image":true,"profile_image_url":"http://pbs.twimg.com/profile_images/972733945216425984/cA4YQt7r_normal.jpg","profile_image_url_https":"https://pbs.twimg.com/profile_images/972733945216425984/cA4YQt7r_normal.jpg","default_profile":true,"default_profile_image":false,"status":{"created_at":"Mon Mar 04 09:25:50 +0000 2019","id":1102500385472872450,"id_str":"1102500385472872450","text":"@JanEJoergensen @venstredk Helt enig. Behandlingen af #EU handlingsprogrammet p√• landsm√∏det i l√∏rdags var et klart eksempel det. #venstre","truncated":false,"entities":{"hashtags":[{"text":"EU","indices":[54,57]},{"text":"venstre","indices":[129,137]}],"symbols":[],"user_mentions":[{"screen_name":"JanEJoergensen","name":"Jan E. J√∏rgensen","id":279986859,"id_str":"279986859","indices":[0,15]},{"screen_name":"venstredk","name":"Venstre","id":123868861,"id_str":"123868861","indices":[16,26]}],"urls":[]},"source":"<a href=\"http://twitter.com/#!/download/ipad\" rel=\"nofollow\">Twitter for iPad</a>","in_reply_to_status_id":1101837143360581633,"in_reply_to_status_id_str":"1101837143360581633","in_reply_to_user_id":279986859,"in_reply_to_user_id_str":"279986859","in_reply_to_screen_name":"JanEJoergensen","geo":null,"coordinates":null,"place":null,"contributors":null,"is_quote_status":false,"retweet_count":0,"favorite_count":0,"favorited":false,"retweeted":false,"lang":"da"}}
{"id":87923613,"id_str":"87923613","name":"Stinus Lindgreen","screen_name":"stinuslindgreen","protected":false,"verified":false,"followers_count":1877,"friends_count":1032,"listed_count":35,"favourites_count":11298,"statuses_count":7064,"created_at":"Fri Nov 06 11:53:05 +0000 2009","profile_background_image_url":"http://abs.twimg.com/images/themes/theme1/bg.png","profile_background_image_url_https":"https://abs.twimg.com/images/themes/theme1/bg.png","profile_background_tile":false,"profile_use_background_image":false,"profile_image_url":"http://pbs.twimg.com/profile_images/897783959962226688/HAKZPnRD_normal.jpg","profile_image_url_https":"https://pbs.twimg.com/profile_images/897783959962226688/HAKZPnRD_normal.jpg","default_profile":false,"default_profile_image":false,"status":{"created_at":"Wed Mar 06 07:50:03 +0000 2019","id":1103201056807358464,"id_str":"1103201056807358464","text":"RT @solveigrp: Masser af folk udtaler sig om m√¶slinger og vacciner lige for tiden. Men hvad er @SSTSundhed anbefalinger egentlig? Tjek dem‚Ä¶","truncated":false,"entities":{"hashtags":[],"symbols":[],"user_mentions":[{"screen_name":"solveigrp","name":"Solveig R√∏igaard","id":200445382,"id_str":"200445382","indices":[3,13]},{"screen_name":"SSTSundhed","name":"Sundhedsstyrelsen","id":952875552632864768,"id_str":"952875552632864768","indices":[95,106]}],"urls":[]},"source":"<a href=\"http://twitter.com/#!/download/ipad\" rel=\"nofollow\">Twitter for iPad</a>","in_reply_to_status_id":null,"in_reply_to_status_id_str":null,"in_reply_to_user_id":null,"in_reply_to_user_id_str":null,"in_reply_to_screen_name":null,"geo":null,"coordinates":null,"place":null,"contributors":null,"retweeted_status":{"created_at":"Tue Mar 05 09:29:30 +0000 2019","id":1102863696076906496,"id_str":"1102863696076906496","text":"Masser af folk udtaler sig om m√¶slinger og vacciner lige for tiden. Men hvad er @SSTSundhed anbefalinger egentlig?‚Ä¶ https://t.co/IT9DaQHgD3","truncated":true,"entities":{"hashtags":[],"symbols":[],"user_mentions":[{"screen_name":"SSTSundhed","name":"Sundhedsstyrelsen","id":952875552632864768,"id_str":"952875552632864768","indices":[80,91]}],"urls":[{"url":"https://t.co/IT9DaQHgD3","expanded_url":"https://twitter.com/i/web/status/1102863696076906496","display_url":"twitter.com/i/web/status/1‚Ä¶","indices":[116,139]}]},"source":"<a href=\"https://mobile.twitter.com\" rel=\"nofollow\">Twitter Web App</a>","in_reply_to_status_id":null,"in_reply_to_status_id_str":null,"in_reply_to_user_id":null,"in_reply_to_user_id_str":null,"in_reply_to_screen_name":null,"geo":null,"coordinates":null,"place":null,"contributors":null,"is_quote_status":false,"retweet_count":3,"favorite_count":12,"favorited":false,"retweeted":false,"possibly_sensitive":false,"lang":"da"},"is_quote_status":false,"retweet_count":3,"favorite_count":0,"favorited":false,"retweeted":false,"lang":"da"}}
{"id":69587578,"id_str":"69587578","name":"martin schepelern","screen_name":"mschepelern","protected":false,"verified":false,"followers_count":12,"friends_count":25,"listed_count":3,"favourites_count":0,"statuses_count":0,"created_at":"Fri Aug 28 13:29:48 +0000 2009","profile_background_image_url":"http://abs.twimg.com/images/themes/theme1/bg.png","profile_background_image_url_https":"https://abs.twimg.com/images/themes/theme1/bg.png","profile_background_tile":false,"profile_use_background_image":true,"profile_image_url":"http://pbs.twimg.com/profile_images/989793191347081224/qQnbg6xp_normal.jpg","profile_image_url_https":"https://pbs.twimg.com/profile_images/989793191347081224/qQnbg6xp_normal.jpg","default_profile":true,"default_profile_image":false,"status":null}
{"id":37293636,"id_str":"37293636","name":"Sophie H. Andersen","screen_name":"SophieHAndersen","protected":false,"verified":false,"followers_count":8501,"friends_count":924,"listed_count":190,"favourites_count":8041,"statuses_count":4254,"created_at":"Sat May 02 22:03:25 +0000 2009","profile_background_image_url":"http://abs.twimg.com/images/themes/theme12/bg.gif","profile_background_image_url_https":"https://abs.twimg.com/images/themes/theme12/bg.gif","profile_background_tile":false,"profile_use_background_image":true,"profile_image_url":"http://pbs.twimg.com/profile_images/824990913386708992/WLpM-TCc_normal.jpg","profile_image_url_https":"https://pbs.twimg.com/profile_images/824990913386708992/WLpM-TCc_normal.jpg","default_profile":false,"default_profile_image":false,"status":{"created_at":"Tue Mar 05 18:16:04 +0000 2019","id":1102996211227942913,"id_str":"1102996211227942913","text":"Det er en rigtig god beslutning @alternativet_ ! Lad os tale videre om, hvordan vi f√•r l√∏st de reelle problemer i s‚Ä¶ https://t.co/xABlPwWFNa","truncated":true,"entities":{"hashtags":[],"symbols":[],"user_mentions":[{"screen_name":"alternativet_","name":"Alternativet","id":1704527995,"id_str":"1704527995","indices":[32,46]}],"urls":[{"url":"https://t.co/xABlPwWFNa","expanded_url":"https://twitter.com/i/web/status/1102996211227942913","display_url":"twitter.com/i/web/status/1‚Ä¶","indices":[117,140]}]},"source":"<a href=\"http://twitter.com/download/iphone\" rel=\"nofollow\">Twitter for iPhone</a>","in_reply_to_status_id":null,"in_reply_to_status_id_str":null,"in_reply_to_user_id":null,"in_reply_to_user_id_str":null,"in_reply_to_screen_name":null,"geo":null,"coordinates":null,"place":{"id":"936b83f20956cd4c","url":"https://api.twitter.com/1.1/geo/id/936b83f20956cd4c.json","place_type":"city","name":"Copenhagen","full_name":"Copenhagen, Denmark","country_code":"DK","country":"Denmark","contained_within":[],"bounding_box":{"type":"Polygon","coordinates":[[[12.453064,55.613717],[12.6522012,55.613717],[12.6522012,55.731834],[12.453064,55.731834]]]},"attributes":{}},"contributors":null,"is_quote_status":false,"retweet_count":5,"favorite_count":36,"favorited":false,"retweeted":false,"possibly_sensitive":false,"lang":"da"}}
{"id":28969185,"id_str":"28969185","name":"ChristofferReinhardt","screen_name":"Reinhardt09","protected":false,"verified":false,"followers_count":9,"friends_count":0,"listed_count":4,"favourites_count":0,"statuses_count":2,"created_at":"Sun Apr 05 10:27:49 +0000 2009","profile_background_image_url":"http://abs.twimg.com/images/themes/theme1/bg.png","profile_background_image_url_https":"https://abs.twimg.com/images/themes/theme1/bg.png","profile_background_tile":false,"profile_use_background_image":false,"profile_image_url":"http://pbs.twimg.com/profile_images/453696930/twitter-logo_normal.png","profile_image_url_https":"https://pbs.twimg.com/profile_images/453696930/twitter-logo_normal.png","default_profile":false,"default_profile_image":false,"status":{"created_at":"Thu Oct 08 13:02:46 +0000 2009","id":4708193388,"id_str":"4708193388","text":"sidder sammen med Victor og laver kampagne...","truncated":false,"entities":{"hashtags":[],"symbols":[],"user_mentions":[],"urls":[]},"source":"<a href=\"http://twitter.com\" rel=\"nofollow\">Twitter Web Client</a>","in_reply_to_status_id":null,"in_reply_to_status_id_str":null,"in_reply_to_user_id":null,"in_reply_to_user_id_str":null,"in_reply_to_screen_name":null,"geo":null,"coordinates":null,"place":null,"contributors":null,"is_quote_status":false,"retweet_count":0,"favorite_count":0,"favorited":false,"retweeted":false,"lang":"da"}}
{"id":28104662,"id_str":"28104662","name":"Flemming Pless","screen_name":"Fpless","protected":false,"verified":false,"followers_count":548,"friends_count":286,"listed_count":22,"favourites_count":129,"statuses_count":734,"created_at":"Wed Apr 01 13:27:09 +0000 2009","profile_background_image_url":"http://abs.twimg.com/images/themes/theme1/bg.png","profile_background_image_url_https":"https://abs.twimg.com/images/themes/theme1/bg.png","profile_background_tile":false,"profile_use_background_image":false,"profile_image_url":"http://pbs.twimg.com/profile_images/2822280650/17617f3c77baab4c5136d0224ba1d982_normal.jpeg","profile_image_url_https":"https://pbs.twimg.com/profile_images/2822280650/17617f3c77baab4c5136d0224ba1d982_normal.jpeg","default_profile":false,"default_profile_image":false,"status":{"created_at":"Thu Jan 31 11:55:12 +0000 2019","id":1090941563319013376,"id_str":"1090941563319013376","text":"Regionerne har siden starten uretf√¶rdigt v√¶ret en slags boksebold, men der skal en ny g√∏geunge af en reform til at‚Ä¶ https://t.co/dkpHjUBxkX","truncated":true,"entities":{"hashtags":[],"symbols":[],"user_mentions":[],"urls":[{"url":"https://t.co/dkpHjUBxkX","expanded_url":"https://twitter.com/i/web/status/1090941563319013376","display_url":"twitter.com/i/web/status/1‚Ä¶","indices":[116,139]}]},"source":"<a href=\"http://twitter.com/#!/download/ipad\" rel=\"nofollow\">Twitter for iPad</a>","in_reply_to_status_id":null,"in_reply_to_status_id_str":null,"in_reply_to_user_id":null,"in_reply_to_user_id_str":null,"in_reply_to_screen_name":null,"geo":null,"coordinates":null,"place":null,"contributors":null,"is_quote_status":false,"retweet_count":1,"favorite_count":3,"favorited":false,"retweeted":false,"possibly_sensitive":false,"lang":"da"}}
