{"id":4249310067,"id_str":"4249310067","name":"Lene Linnemann","screen_name":"L_Linnemann","protected":false,"verified":false,"followers_count":43,"friends_count":114,"listed_count":8,"favourites_count":0,"statuses_count":1,"created_at":"Sun Nov 22 11:58:12 +0000 2015","profile_background_image_url":"http://abs.twimg.com/images/themes/theme1/bg.png","profile_background_image_url_https":"https://abs.twimg.com/images/themes/theme1/bg.png","profile_background_tile":false,"profile_use_background_image":true,"profile_image_url":"http://pbs.twimg.com/profile_images/668399765122629632/ZIsrgD8X_normal.jpg","profile_image_url_https":"https://pbs.twimg.com/profile_images/668399765122629632/ZIsrgD8X_normal.jpg","default_profile":true,"default_profile_image":false,"status":{"created_at":"Mon Jan 25 21:19:26 +0000 2016","id":691732130745958400,"id_str":"691732130745958400","text":"https://t.co/MonHZg4r3i","truncated":false,"entities":{"hashtags":[],"symbols":[],"user_mentions":[],"urls":[{"url":"https://t.co/MonHZg4r3i","expanded_url":"http://www.b.dk/nationalt/jeg-er-kun-haandvaerker-og-maaske-ikke-saa-klog.-men-jeg-kan-altsaa-ikke-maerke-p","display_url":"b.dk/nationalt/jeg-‚Ä¶","indices":[0,23]}]},"source":"<a href=\"http://twitter.com/#!/download/ipad\" rel=\"nofollow\">Twitter for iPad</a>","in_reply_to_status_id":null,"in_reply_to_status_id_str":null,"in_reply_to_user_id":null,"in_reply_to_user_id_str":null,"in_reply_to_screen_name":null,"geo":null,"coordinates":null,"place":null,"contributors":null,"is_quote_status":false,"retweet_count":0,"favorite_count":1,"favorited":false,"retweeted":false,"possibly_sensitive":false,"lang":"und"}}
{"id":3198071303,"id_str":"3198071303","name":"Henrik Buchhave","screen_name":"BuchhaveHenrik","protected":false,"verified":false,"followers_count":23,"friends_count":19,"listed_count":9,"favourites_count":32,"statuses_count":15,"created_at":"Thu Apr 23 13:53:45 +0000 2015","profile_background_image_url":"http://abs.twimg.com/images/themes/theme1/bg.png","profile_background_image_url_https":"https://abs.twimg.com/images/themes/theme1/bg.png","profile_background_tile":false,"profile_use_background_image":true,"profile_image_url":"http://pbs.twimg.com/profile_images/737704006370238464/fqiCP2zH_normal.jpg","profile_image_url_https":"https://pbs.twimg.com/profile_images/737704006370238464/fqiCP2zH_normal.jpg","default_profile":true,"default_profile_image":false,"status":{"created_at":"Tue Apr 25 17:53:13 +0000 2017","id":856929101189402624,"id_str":"856929101189402624","text":"RT @larsloekke: Vi skal have alle med! For mange b√∏rn og unge tabes i folkeskolen. En halv milliard kroner skal l√∏fte flere med ind i fremt‚Ä¶","truncated":false,"entities":{"hashtags":[],"symbols":[],"user_mentions":[{"screen_name":"larsloekke","name":"Lars L√∏kke Rasmussen","id":26201346,"id_str":"26201346","indices":[3,14]}],"urls":[]},"source":"<a href=\"http://twitter.com/#!/download/ipad\" rel=\"nofollow\">Twitter for iPad</a>","in_reply_to_status_id":null,"in_reply_to_status_id_str":null,"in_reply_to_user_id":null,"in_reply_to_user_id_str":null,"in_reply_to_screen_name":null,"geo":null,"coordinates":null,"place":null,"contributors":null,"retweeted_status":{"created_at":"Tue Apr 25 12:52:15 +0000 2017","id":856853362914021378,"id_str":"856853362914021378","text":"Vi skal have alle med! For mange b√∏rn og unge tabes i folkeskolen. En halv milliard kroner skal l√∏fte flere med ind‚Ä¶ https://t.co/ZMT7kcQzfr","truncated":true,"entities":{"hashtags":[],"symbols":[],"user_mentions":[],"urls":[{"url":"https://t.co/ZMT7kcQzfr","expanded_url":"https://twitter.com/i/web/status/856853362914021378","display_url":"twitter.com/i/web/status/8‚Ä¶","indices":[117,140]}]},"source":"<a href=\"http://twitter.com/download/iphone\" rel=\"nofollow\">Twitter for iPhone</a>","in_reply_to_status_id":null,"in_reply_to_status_id_str":null,"in_reply_to_user_id":null,"in_reply_to_user_id_str":null,"in_reply_to_screen_name":null,"geo":null,"coordinates":null,"place":null,"contributors":null,"is_quote_status":false,"retweet_count":16,"favorite_count":58,"favorited":false,"retweeted":false,"possibly_sensitive":false,"lang":"da"},"is_quote_status":false,"retweet_count":16,"favorite_count":0,"favorited":false,"retweeted":false,"lang":"da"}}
{"id":2809686131,"id_str":"2809686131","name":"Martin Bech","screen_name":"MartinNbech","protected":false,"verified":false,"followers_count":185,"friends_count":243,"listed_count":10,"favourites_count":138,"statuses_count":180,"created_at":"Mon Oct 06 07:56:36 +0000 2014","profile_background_image_url":"http://abs.twimg.com/images/themes/theme1/bg.png","profile_background_image_url_https":"https://abs.twimg.com/images/themes/theme1/bg.png","profile_background_tile":false,"profile_use_background_image":true,"profile_image_url":"http://pbs.twimg.com/profile_images/1035310502505795589/9TaFpP95_normal.jpg","profile_image_url_https":"https://pbs.twimg.com/profile_images/1035310502505795589/9TaFpP95_normal.jpg","default_profile":true,"default_profile_image":false,"status":{"created_at":"Fri Mar 01 22:15:04 +0000 2019","id":1101606807049519105,"id_str":"1101606807049519105","text":"Kan nu konstatere, at DF alligevel ikke bakker op om @vestager som kommissionsformand. Det virkede ogs√• n√¶sten for‚Ä¶ https://t.co/UvAmE8LA6g","truncated":true,"entities":{"hashtags":[],"symbols":[],"user_mentions":[{"screen_name":"vestager","name":"Margrethe Vestager","id":19232649,"id_str":"19232649","indices":[53,62]}],"urls":[{"url":"https://t.co/UvAmE8LA6g","expanded_url":"https://twitter.com/i/web/status/1101606807049519105","display_url":"twitter.com/i/web/status/1‚Ä¶","indices":[116,139]}]},"source":"<a href=\"http://twitter.com/download/iphone\" rel=\"nofollow\">Twitter for iPhone</a>","in_reply_to_status_id":null,"in_reply_to_status_id_str":null,"in_reply_to_user_id":null,"in_reply_to_user_id_str":null,"in_reply_to_screen_name":null,"geo":null,"coordinates":null,"place":null,"contributors":null,"is_quote_status":false,"retweet_count":0,"favorite_count":3,"favorited":false,"retweeted":false,"lang":"da"}}
{"id":2782454098,"id_str":"2782454098","name":"Medzait Ljatifi","screen_name":"medzait1","protected":false,"verified":false,"followers_count":13,"friends_count":28,"listed_count":6,"favourites_count":1,"statuses_count":2,"created_at":"Wed Sep 24 12:30:29 +0000 2014","profile_background_image_url":"http://abs.twimg.com/images/themes/theme1/bg.png","profile_background_image_url_https":"https://abs.twimg.com/images/themes/theme1/bg.png","profile_background_tile":false,"profile_use_background_image":true,"profile_image_url":"http://pbs.twimg.com/profile_images/514755534919319552/QYEAgNGD_normal.jpeg","profile_image_url_https":"https://pbs.twimg.com/profile_images/514755534919319552/QYEAgNGD_normal.jpeg","default_profile":true,"default_profile_image":false,"status":{"created_at":"Tue Mar 01 18:41:27 +0000 2016","id":704738335764430850,"id_str":"704738335764430850","text":"Tillykke med udn√¶vnelsen, h√•ber p√• godt samarbejde.üåπ","truncated":false,"entities":{"hashtags":[],"symbols":[],"user_mentions":[],"urls":[]},"source":"<a href=\"http://twitter.com/#!/download/ipad\" rel=\"nofollow\">Twitter for iPad</a>","in_reply_to_status_id":null,"in_reply_to_status_id_str":null,"in_reply_to_user_id":null,"in_reply_to_user_id_str":null,"in_reply_to_screen_name":null,"geo":null,"coordinates":null,"place":null,"contributors":null,"is_quote_status":false,"retweet_count":0,"favorite_count":0,"favorited":false,"retweeted":false,"lang":"da"}}
{"id":2782431251,"id_str":"2782431251","name":"Erik Harbo Larsen","screen_name":"ErhlErik","protected":false,"verified":false,"followers_count":29,"friends_count":16,"listed_count":8,"favourites_count":7,"statuses_count":16,"created_at":"Wed Sep 24 12:34:59 +0000 2014","profile_background_image_url":"http://abs.twimg.com/images/themes/theme1/bg.png","profile_background_image_url_https":"https://abs.twimg.com/images/themes/theme1/bg.png","profile_background_tile":false,"profile_use_background_image":true,"profile_image_url":"http://pbs.twimg.com/profile_images/514756229072437248/Y2SIgHpo_normal.jpeg","profile_image_url_https":"https://pbs.twimg.com/profile_images/514756229072437248/Y2SIgHpo_normal.jpeg","default_profile":true,"default_profile_image":false,"status":{"created_at":"Mon Oct 06 09:54:15 +0000 2014","id":519063073085489152,"id_str":"519063073085489152","text":"Hej alle i unge\nDet har for mig v√¶ret en rigtig givende formiddag #nordpol14","truncated":false,"entities":{"hashtags":[{"text":"nordpol14","indices":[66,76]}],"symbols":[],"user_mentions":[],"urls":[]},"source":"<a href=\"http://twitter.com/#!/download/ipad\" rel=\"nofollow\">Twitter for iPad</a>","in_reply_to_status_id":null,"in_reply_to_status_id_str":null,"in_reply_to_user_id":null,"in_reply_to_user_id_str":null,"in_reply_to_screen_name":null,"geo":null,"coordinates":null,"place":null,"contributors":null,"is_quote_status":false,"retweet_count":0,"favorite_count":1,"favorited":false,"retweeted":false,"lang":"da"}}
{"id":2782401171,"id_str":"2782401171","name":"Anny winther","screen_name":"AnnyWinther","protected":false,"verified":false,"followers_count":40,"friends_count":23,"listed_count":9,"favourites_count":0,"statuses_count":4,"created_at":"Wed Sep 24 12:25:53 +0000 2014","profile_background_image_url":"http://abs.twimg.com/images/themes/theme1/bg.png","profile_background_image_url_https":"https://abs.twimg.com/images/themes/theme1/bg.png","profile_background_tile":false,"profile_use_background_image":true,"profile_image_url":"http://pbs.twimg.com/profile_images/514754879622221824/mhpfHkaj_normal.jpeg","profile_image_url_https":"https://pbs.twimg.com/profile_images/514754879622221824/mhpfHkaj_normal.jpeg","default_profile":true,"default_profile_image":false,"status":{"created_at":"Thu Nov 27 13:19:18 +0000 2014","id":537958846971777024,"id_str":"537958846971777024","text":"Sk√∏nt ber√∏ringsangsten for offentlig-privat samarbejde har √¶ndret sig og har resulteret i mange nye innovative muligheder og l√∏sninger.","truncated":false,"entities":{"hashtags":[],"symbols":[],"user_mentions":[],"urls":[]},"source":"<a href=\"http://twitter.com/#!/download/ipad\" rel=\"nofollow\">Twitter for iPad</a>","in_reply_to_status_id":null,"in_reply_to_status_id_str":null,"in_reply_to_user_id":null,"in_reply_to_user_id_str":null,"in_reply_to_screen_name":null,"geo":null,"coordinates":null,"place":null,"contributors":null,"is_quote_status":false,"retweet_count":3,"favorite_count":0,"favorited":false,"retweeted":false,"lang":"da"}}
{"id":2768868718,"id_str":"2768868718","name":"Peter Therkildsen","screen_name":"TherkildsenP","protected":false,"verified":false,"followers_count":7,"friends_count":7,"listed_count":4,"favourites_count":2,"statuses_count":1,"created_at":"Sat Sep 13 12:20:31 +0000 2014","profile_background_image_url":"http://abs.twimg.com/images/themes/theme1/bg.png","profile_background_image_url_https":"https://abs.twimg.com/images/themes/theme1/bg.png","profile_background_tile":false,"profile_use_background_image":true,"profile_image_url":"http://pbs.twimg.com/profile_images/863090135570821121/sOniZH9K_normal.jpg","profile_image_url_https":"https://pbs.twimg.com/profile_images/863090135570821121/sOniZH9K_normal.jpg","default_profile":true,"default_profile_image":false,"status":{"created_at":"Fri May 12 18:12:28 +0000 2017","id":863094538629509121,"id_str":"863094538629509121","text":"I dag var vi til √•bningen af Jesperhus, hvor over 500 veteranbiler var udstillet. Jeg ejer ikke nogen, men kunne go‚Ä¶ https://t.co/uCwWDe5QfQ","truncated":true,"entities":{"hashtags":[],"symbols":[],"user_mentions":[],"urls":[{"url":"https://t.co/uCwWDe5QfQ","expanded_url":"https://twitter.com/i/web/status/863094538629509121","display_url":"twitter.com/i/web/status/8‚Ä¶","indices":[117,140]}]},"source":"<a href=\"http://twitter.com/#!/download/ipad\" rel=\"nofollow\">Twitter for iPad</a>","in_reply_to_status_id":null,"in_reply_to_status_id_str":null,"in_reply_to_user_id":null,"in_reply_to_user_id_str":null,"in_reply_to_screen_name":null,"geo":null,"coordinates":null,"place":null,"contributors":null,"is_quote_status":false,"retweet_count":0,"favorite_count":0,"favorited":false,"retweeted":false,"possibly_sensitive":false,"lang":"da"}}
{"id":2748356410,"id_str":"2748356410","name":"Vibeke Gamst","screen_name":"vibeke_gamst","protected":false,"verified":false,"followers_count":3,"friends_count":16,"listed_count":4,"favourites_count":0,"statuses_count":0,"created_at":"Wed Aug 20 19:29:10 +0000 2014","profile_background_image_url":"http://abs.twimg.com/images/themes/theme1/bg.png","profile_background_image_url_https":"https://abs.twimg.com/images/themes/theme1/bg.png","profile_background_tile":false,"profile_use_background_image":true,"profile_image_url":"http://abs.twimg.com/sticky/default_profile_images/default_profile_normal.png","profile_image_url_https":"https://abs.twimg.com/sticky/default_profile_images/default_profile_normal.png","default_profile":true,"default_profile_image":true,"status":null}
{"id":2514269573,"id_str":"2514269573","name":"Ulla Astman","screen_name":"UAstman","protected":false,"verified":false,"followers_count":983,"friends_count":220,"listed_count":15,"favourites_count":86,"statuses_count":153,"created_at":"Mon Apr 28 08:07:04 +0000 2014","profile_background_image_url":"http://abs.twimg.com/images/themes/theme1/bg.png","profile_background_image_url_https":"https://abs.twimg.com/images/themes/theme1/bg.png","profile_background_tile":false,"profile_use_background_image":true,"profile_image_url":"http://pbs.twimg.com/profile_images/460694716913573888/OKLA-5XG_normal.jpeg","profile_image_url_https":"https://pbs.twimg.com/profile_images/460694716913573888/OKLA-5XG_normal.jpeg","default_profile":true,"default_profile_image":false,"status":{"created_at":"Sun Mar 03 11:10:47 +0000 2019","id":1102164411580583937,"id_str":"1102164411580583937","text":"RT @lotte_holten: Hvis @regionerne nedl√¶gges, bliver h√•ndteringen af landets mere end 17.000 forurenede grunde b√•de dyrere og d√•rligere, sk‚Ä¶","truncated":false,"entities":{"hashtags":[],"symbols":[],"user_mentions":[{"screen_name":"lotte_holten","name":"Lotte Holten","id":766616674338480132,"id_str":"766616674338480132","indices":[3,16]},{"screen_name":"regionerne","name":"Danske Regioner","id":601813544,"id_str":"601813544","indices":[23,34]}],"urls":[]},"source":"<a href=\"http://twitter.com/download/iphone\" rel=\"nofollow\">Twitter for iPhone</a>","in_reply_to_status_id":null,"in_reply_to_status_id_str":null,"in_reply_to_user_id":null,"in_reply_to_user_id_str":null,"in_reply_to_screen_name":null,"geo":null,"coordinates":null,"place":null,"contributors":null,"retweeted_status":{"created_at":"Fri Mar 01 13:51:19 +0000 2019","id":1101480035603623936,"id_str":"1101480035603623936","text":"Hvis @regionerne nedl√¶gges, bliver h√•ndteringen af landets mere end 17.000 forurenede grunde b√•de dyrere og d√•rlige‚Ä¶ https://t.co/P2Vg3A9rhO","truncated":true,"entities":{"hashtags":[],"symbols":[],"user_mentions":[{"screen_name":"regionerne","name":"Danske Regioner","id":601813544,"id_str":"601813544","indices":[5,16]}],"urls":[{"url":"https://t.co/P2Vg3A9rhO","expanded_url":"https://twitter.com/i/web/status/1101480035603623936","display_url":"twitter.com/i/web/status/1‚Ä¶","indices":[117,140]}]},"source":"<a href=\"http://twitter.com\" rel=\"nofollow\">Twitter Web Client</a>","in_reply_to_status_id":null,"in_reply_to_status_id_str":null,"in_reply_to_user_id":null,"in_reply_to_user_id_str":null,"in_reply_to_screen_name":null,"geo":null,"coordinates":null,"place":null,"contributors":null,"is_quote_status":false,"retweet_count":33,"favorite_count":69,"favorited":false,"retweeted":false,"possibly_sensitive":false,"lang":"da"},"is_quote_status":false,"retweet_count":33,"favorite_count":0,"favorited":false,"retweeted":false,"lang":"da"}}
{"id":2436356344,"id_str":"2436356344","name":"Jette Ramskov","screen_name":"jetramskov","protected":false,"verified":false,"followers_count":4,"friends_count":2,"listed_count":4,"favourites_count":0,"statuses_count":0,"created_at":"Tue Mar 25 19:30:11 +0000 2014","profile_background_image_url":"http://abs.twimg.com/images/themes/theme1/bg.png","profile_background_image_url_https":"https://abs.twimg.com/images/themes/theme1/bg.png","profile_background_tile":false,"profile_use_background_image":true,"profile_image_url":"http://abs.twimg.com/sticky/default_profile_images/default_profile_normal.png","profile_image_url_https":"https://abs.twimg.com/sticky/default_profile_images/default_profile_normal.png","default_profile":true,"default_profile_image":true,"status":null}
{"id":2423923260,"id_str":"2423923260","name":"Erik H√∏gh-S√∏rensen","screen_name":"HoghSorensen","protected":false,"verified":false,"followers_count":612,"friends_count":574,"listed_count":40,"favourites_count":3470,"statuses_count":9651,"created_at":"Wed Apr 02 14:50:39 +0000 2014","profile_background_image_url":"http://abs.twimg.com/images/themes/theme1/bg.png","profile_background_image_url_https":"https://abs.twimg.com/images/themes/theme1/bg.png","profile_background_tile":false,"profile_use_background_image":true,"profile_image_url":"http://pbs.twimg.com/profile_images/451372699122532352/dJmDHNb__normal.jpeg","profile_image_url_https":"https://pbs.twimg.com/profile_images/451372699122532352/dJmDHNb__normal.jpeg","default_profile":true,"default_profile_image":false,"status":{"created_at":"Sun Mar 03 20:33:43 +0000 2019","id":1102306078434476038,"id_str":"1102306078434476038","text":"@GanjasmokerCb Du kan ryge dine egne \"opt√¶ndingspinde\", Ganjasmoker üòÇ","truncated":false,"entities":{"hashtags":[],"symbols":[],"user_mentions":[{"screen_name":"GanjasmokerCb","name":"Ganjasmoker","id":788102773514637312,"id_str":"788102773514637312","indices":[0,14]}],"urls":[]},"source":"<a href=\"http://twitter.com\" rel=\"nofollow\">Twitter Web Client</a>","in_reply_to_status_id":1102305677064790018,"in_reply_to_status_id_str":"1102305677064790018","in_reply_to_user_id":788102773514637312,"in_reply_to_user_id_str":"788102773514637312","in_reply_to_screen_name":"GanjasmokerCb","geo":null,"coordinates":null,"place":null,"contributors":null,"is_quote_status":false,"retweet_count":1,"favorite_count":1,"favorited":false,"retweeted":false,"lang":"da"}}
{"id":2300913345,"id_str":"2300913345","name":"Thomas Hav","screen_name":"hav_t","protected":false,"verified":false,"followers_count":58,"friends_count":38,"listed_count":8,"favourites_count":14,"statuses_count":26,"created_at":"Fri Jan 24 07:00:43 +0000 2014","profile_background_image_url":"http://abs.twimg.com/images/themes/theme1/bg.png","profile_background_image_url_https":"https://abs.twimg.com/images/themes/theme1/bg.png","profile_background_tile":false,"profile_use_background_image":true,"profile_image_url":"http://pbs.twimg.com/profile_images/426611415575969792/llEZH13W_normal.jpeg","profile_image_url_https":"https://pbs.twimg.com/profile_images/426611415575969792/llEZH13W_normal.jpeg","default_profile":true,"default_profile_image":false,"status":{"created_at":"Wed Oct 26 09:20:28 +0000 2016","id":791207859577036800,"id_str":"791207859577036800","text":"Udvikling af Nordjylland..\nMed rent grundvand, ikke p√• bekostning..\nDet kan og skal kombineres..\n\n#dkpol\n\n#nordjylland","truncated":false,"entities":{"hashtags":[{"text":"dkpol","indices":[98,104]},{"text":"nordjylland","indices":[106,118]}],"symbols":[],"user_mentions":[],"urls":[]},"source":"<a href=\"http://twitter.com/download/iphone\" rel=\"nofollow\">Twitter for iPhone</a>","in_reply_to_status_id":null,"in_reply_to_status_id_str":null,"in_reply_to_user_id":null,"in_reply_to_user_id_str":null,"in_reply_to_screen_name":null,"geo":null,"coordinates":null,"place":null,"contributors":null,"is_quote_status":false,"retweet_count":0,"favorite_count":1,"favorited":false,"retweeted":false,"lang":"da"}}
{"id":2159737843,"id_str":"2159737843","name":"Tage Leegaard","screen_name":"TageLeegaard","protected":false,"verified":false,"followers_count":15,"friends_count":7,"listed_count":4,"favourites_count":0,"statuses_count":2,"created_at":"Sun Oct 27 22:23:42 +0000 2013","profile_background_image_url":"http://abs.twimg.com/images/themes/theme1/bg.png","profile_background_image_url_https":"https://abs.twimg.com/images/themes/theme1/bg.png","profile_background_tile":false,"profile_use_background_image":true,"profile_image_url":"http://pbs.twimg.com/profile_images/378800000657359704/9720f507205041287df1da073553cc0f_normal.jpeg","profile_image_url_https":"https://pbs.twimg.com/profile_images/378800000657359704/9720f507205041287df1da073553cc0f_normal.jpeg","default_profile":true,"default_profile_image":false,"status":{"created_at":"Sun Dec 27 19:28:57 +0000 2015","id":681195079244054529,"id_str":"681195079244054529","text":"Dette er bare en pr√∏ve, men jeg h√•ber alle har nydt julen!","truncated":false,"entities":{"hashtags":[],"symbols":[],"user_mentions":[],"urls":[]},"source":"<a href=\"http://twitter.com/download/iphone\" rel=\"nofollow\">Twitter for iPhone</a>","in_reply_to_status_id":null,"in_reply_to_status_id_str":null,"in_reply_to_user_id":null,"in_reply_to_user_id_str":null,"in_reply_to_screen_name":null,"geo":null,"coordinates":null,"place":null,"contributors":null,"is_quote_status":false,"retweet_count":0,"favorite_count":0,"favorited":false,"retweeted":false,"lang":"da"}}
{"id":1564066860,"id_str":"1564066860","name":"Mogens N√∏rg√•rd","screen_name":"MogensNorg","protected":false,"verified":false,"followers_count":25,"friends_count":0,"listed_count":12,"favourites_count":0,"statuses_count":11,"created_at":"Tue Jul 02 20:53:28 +0000 2013","profile_background_image_url":"http://abs.twimg.com/images/themes/theme1/bg.png","profile_background_image_url_https":"https://abs.twimg.com/images/themes/theme1/bg.png","profile_background_tile":false,"profile_use_background_image":true,"profile_image_url":"http://pbs.twimg.com/profile_images/378800000654108873/7927a84af3ad72d91d9d025b5be7c332_normal.jpeg","profile_image_url_https":"https://pbs.twimg.com/profile_images/378800000654108873/7927a84af3ad72d91d9d025b5be7c332_normal.jpeg","default_profile":true,"default_profile_image":false,"status":{"created_at":"Wed Nov 20 18:23:58 +0000 2013","id":403227232690511872,"id_str":"403227232690511872","text":"S√• er det ganske sikkert, jeg er genvalgt til Regionsr√•det.\nVi Socialdemokrater f√•r et st√¶rkt hold af \"nye\" og \"gamle\"","truncated":false,"entities":{"hashtags":[],"symbols":[],"user_mentions":[],"urls":[]},"source":"<a href=\"http://twitter.com/#!/download/ipad\" rel=\"nofollow\">Twitter for iPad</a>","in_reply_to_status_id":null,"in_reply_to_status_id_str":null,"in_reply_to_user_id":null,"in_reply_to_user_id_str":null,"in_reply_to_screen_name":null,"geo":null,"coordinates":null,"place":null,"contributors":null,"is_quote_status":false,"retweet_count":0,"favorite_count":0,"favorited":false,"retweeted":false,"lang":"da"}}
{"id":1563411188,"id_str":"1563411188","name":"Lauge Larsen (A)","screen_name":"laugelarsenS","protected":false,"verified":false,"followers_count":34,"friends_count":15,"listed_count":13,"favourites_count":0,"statuses_count":3,"created_at":"Tue Jul 02 15:10:53 +0000 2013","profile_background_image_url":"http://abs.twimg.com/images/themes/theme1/bg.png","profile_background_image_url_https":"https://abs.twimg.com/images/themes/theme1/bg.png","profile_background_tile":false,"profile_use_background_image":true,"profile_image_url":"http://pbs.twimg.com/profile_images/378800000078038398/9abf20bc73a982a6819145aaf4eb8fc2_normal.jpeg","profile_image_url_https":"https://pbs.twimg.com/profile_images/378800000078038398/9abf20bc73a982a6819145aaf4eb8fc2_normal.jpeg","default_profile":false,"default_profile_image":false,"status":{"created_at":"Thu Jul 04 18:38:04 +0000 2013","id":352858868335910913,"id_str":"352858868335910913","text":"til alle Jer frivillige og aktive i Esbjerg. Nyd Landsst√¶vnet 2013 og tillykke med det nye frivilligshedscharter! http://t.co/SERUlgZOWB","truncated":false,"entities":{"hashtags":[],"symbols":[],"user_mentions":[],"urls":[{"url":"http://t.co/SERUlgZOWB","expanded_url":"http://kum.dk/nyheder-og-presse/kulturnyt/2013/juli/danmark-har-faet-nyt-frivillighedscharter/","display_url":"kum.dk/nyheder-og-pre‚Ä¶","indices":[114,136]}]},"source":"<a href=\"http://twitter.com\" rel=\"nofollow\">Twitter Web Client</a>","in_reply_to_status_id":null,"in_reply_to_status_id_str":null,"in_reply_to_user_id":null,"in_reply_to_user_id_str":null,"in_reply_to_screen_name":null,"geo":null,"coordinates":null,"place":null,"contributors":null,"is_quote_status":false,"retweet_count":2,"favorite_count":0,"favorited":false,"retweeted":false,"possibly_sensitive":false,"lang":"da"}}
{"id":1468114322,"id_str":"1468114322","name":"Otto Kj√¶r Larsen","screen_name":"otklar","protected":false,"verified":false,"followers_count":98,"friends_count":69,"listed_count":15,"favourites_count":73,"statuses_count":124,"created_at":"Wed May 29 19:47:07 +0000 2013","profile_background_image_url":"http://abs.twimg.com/images/themes/theme1/bg.png","profile_background_image_url_https":"https://abs.twimg.com/images/themes/theme1/bg.png","profile_background_tile":false,"profile_use_background_image":true,"profile_image_url":"http://pbs.twimg.com/profile_images/893088900154916865/0hJBwHYt_normal.jpg","profile_image_url_https":"https://pbs.twimg.com/profile_images/893088900154916865/0hJBwHYt_normal.jpg","default_profile":true,"default_profile_image":false,"status":{"created_at":"Thu Aug 03 13:17:13 +0000 2017","id":893098431689916417,"id_str":"893098431689916417","text":"RT @tv2newsdk: Rekordstor tun fanget i Nordjylland - h√∏jeste kilopris nogensinde https://t.co/ydOQQmylaG https://t.co/mQWM2qkxT3","truncated":false,"entities":{"hashtags":[],"symbols":[],"user_mentions":[{"screen_name":"tv2newsdk","name":"TV 2 NEWS","id":44584428,"id_str":"44584428","indices":[3,13]}],"urls":[{"url":"https://t.co/ydOQQmylaG","expanded_url":"http://nyheder.tv2.dk/lokalt/2017-08-03-rekordstor-tun-fanget-i-nordjylland-hoejeste-kilopris-nogensinde?cid=_soco%3Atw%3A4%3Anews%3A%3A%3A","display_url":"nyheder.tv2.dk/lokalt/2017-08‚Ä¶","indices":[81,104]}],"media":[{"id":893091361053749248,"id_str":"893091361053749248","indices":[105,128],"media_url":"http://pbs.twimg.com/media/DGTl3G-UMAADd1P.jpg","media_url_https":"https://pbs.twimg.com/media/DGTl3G-UMAADd1P.jpg","url":"https://t.co/mQWM2qkxT3","display_url":"pic.twitter.com/mQWM2qkxT3","expanded_url":"https://twitter.com/tv2newsdk/status/893091364006526976/photo/1","type":"photo","sizes":{"thumb":{"w":150,"h":150,"resize":"crop"},"small":{"w":680,"h":383,"resize":"fit"},"medium":{"w":940,"h":529,"resize":"fit"},"large":{"w":940,"h":529,"resize":"fit"}},"source_status_id":893091364006526976,"source_status_id_str":"893091364006526976","source_user_id":44584428,"source_user_id_str":"44584428"}]},"extended_entities":{"media":[{"id":893091361053749248,"id_str":"893091361053749248","indices":[105,128],"media_url":"http://pbs.twimg.com/media/DGTl3G-UMAADd1P.jpg","media_url_https":"https://pbs.twimg.com/media/DGTl3G-UMAADd1P.jpg","url":"https://t.co/mQWM2qkxT3","display_url":"pic.twitter.com/mQWM2qkxT3","expanded_url":"https://twitter.com/tv2newsdk/status/893091364006526976/photo/1","type":"photo","sizes":{"thumb":{"w":150,"h":150,"resize":"crop"},"small":{"w":680,"h":383,"resize":"fit"},"medium":{"w":940,"h":529,"resize":"fit"},"large":{"w":940,"h":529,"resize":"fit"}},"source_status_id":893091364006526976,"source_status_id_str":"893091364006526976","source_user_id":44584428,"source_user_id_str":"44584428"}]},"source":"<a href=\"http://twitter.com/#!/download/ipad\" rel=\"nofollow\">Twitter for iPad</a>","in_reply_to_status_id":null,"in_reply_to_status_id_str":null,"in_reply_to_user_id":null,"in_reply_to_user_id_str":null,"in_reply_to_screen_name":null,"geo":null,"coordinates":null,"place":null,"contributors":null,"retweeted_status":{"created_at":"Thu Aug 03 12:49:08 +0000 2017","id":893091364006526976,"id_str":"893091364006526976","text":"Rekordstor tun fanget i Nordjylland - h√∏jeste kilopris nogensinde https://t.co/ydOQQmylaG https://t.co/mQWM2qkxT3","truncated":false,"entities":{"hashtags":[],"symbols":[],"user_mentions":[],"urls":[{"url":"https://t.co/ydOQQmylaG","expanded_url":"http://nyheder.tv2.dk/lokalt/2017-08-03-rekordstor-tun-fanget-i-nordjylland-hoejeste-kilopris-nogensinde?cid=_soco%3Atw%3A4%3Anews%3A%3A%3A","display_url":"nyheder.tv2.dk/lokalt/2017-08‚Ä¶","indices":[66,89]}],"media":[{"id":893091361053749248,"id_str":"893091361053749248","indices":[90,113],"media_url":"http://pbs.twimg.com/media/DGTl3G-UMAADd1P.jpg","media_url_https":"https://pbs.twimg.com/media/DGTl3G-UMAADd1P.jpg","url":"https://t.co/mQWM2qkxT3","display_url":"pic.twitter.com/mQWM2qkxT3","expanded_url":"https://twitter.com/tv2newsdk/status/893091364006526976/photo/1","type":"photo","sizes":{"thumb":{"w":150,"h":150,"resize":"crop"},"small":{"w":680,"h":383,"resize":"fit"},"medium":{"w":940,"h":529,"resize":"fit"},"large":{"w":940,"h":529,"resize":"fit"}}}]},"extended_entities":{"media":[{"id":893091361053749248,"id_str":"893091361053749248","indices":[90,113],"media_url":"http://pbs.twimg.com/media/DGTl3G-UMAADd1P.jpg","media_url_https":"https://pbs.twimg.com/media/DGTl3G-UMAADd1P.jpg","url":"https://t.co/mQWM2qkxT3","display_url":"pic.twitter.com/mQWM2qkxT3","expanded_url":"https://twitter.com/tv2newsdk/status/893091364006526976/photo/1","type":"photo","sizes":{"thumb":{"w":150,"h":150,"resize":"crop"},"small":{"w":680,"h":383,"resize":"fit"},"medium":{"w":940,"h":529,"resize":"fit"},"large":{"w":940,"h":529,"resize":"fit"}}}]},"source":"<a href=\"https://dlvrit.com/\" rel=\"nofollow\">dlvr.it</a>","in_reply_to_status_id":null,"in_reply_to_status_id_str":null,"in_reply_to_user_id":null,"in_reply_to_user_id_str":null,"in_reply_to_screen_name":null,"geo":null,"coordinates":null,"place":null,"contributors":null,"is_quote_status":false,"retweet_count":2,"favorite_count":5,"favorited":false,"retweeted":false,"possibly_sensitive":false,"lang":"da"},"is_quote_status":false,"retweet_count":2,"favorite_count":0,"favorited":false,"retweeted":false,"possibly_sensitive":false,"lang":"da"}}
{"id":1249442898,"id_str":"1249442898","name":"malene busk","screen_name":"malenebusks","protected":false,"verified":false,"followers_count":36,"friends_count":93,"listed_count":7,"favourites_count":20,"statuses_count":14,"created_at":"Thu Mar 07 16:15:20 +0000 2013","profile_background_image_url":"http://abs.twimg.com/images/themes/theme1/bg.png","profile_background_image_url_https":"https://abs.twimg.com/images/themes/theme1/bg.png","profile_background_tile":false,"profile_use_background_image":true,"profile_image_url":"http://pbs.twimg.com/profile_images/605078490979966976/ocpvalKF_normal.jpg","profile_image_url_https":"https://pbs.twimg.com/profile_images/605078490979966976/ocpvalKF_normal.jpg","default_profile":true,"default_profile_image":false,"status":{"created_at":"Sat Mar 31 16:17:59 +0000 2018","id":980117010725199872,"id_str":"980117010725199872","text":"Giv mere til dem der har mest...... det er det nye udspil fra LA i forhold til afskaffelse af arveafgift. Jeg er ue‚Ä¶ https://t.co/Fyqm6eB11z","truncated":true,"entities":{"hashtags":[],"symbols":[],"user_mentions":[],"urls":[{"url":"https://t.co/Fyqm6eB11z","expanded_url":"https://twitter.com/i/web/status/980117010725199872","display_url":"twitter.com/i/web/status/9‚Ä¶","indices":[117,140]}]},"source":"<a href=\"http://twitter.com/download/iphone\" rel=\"nofollow\">Twitter for iPhone</a>","in_reply_to_status_id":null,"in_reply_to_status_id_str":null,"in_reply_to_user_id":null,"in_reply_to_user_id_str":null,"in_reply_to_screen_name":null,"geo":null,"coordinates":null,"place":null,"contributors":null,"is_quote_status":false,"retweet_count":1,"favorite_count":2,"favorited":false,"retweeted":false,"lang":"da"}}
{"id":444022986,"id_str":"444022986","name":"J√∏rgen R√∏rb√¶k","screen_name":"Roerbak","protected":false,"verified":false,"followers_count":31,"friends_count":30,"listed_count":6,"favourites_count":4,"statuses_count":18,"created_at":"Thu Dec 22 20:13:25 +0000 2011","profile_background_image_url":"http://abs.twimg.com/images/themes/theme1/bg.png","profile_background_image_url_https":"https://abs.twimg.com/images/themes/theme1/bg.png","profile_background_tile":false,"profile_use_background_image":true,"profile_image_url":"http://pbs.twimg.com/profile_images/378800000502154306/bf941dfc2a450512bd3418f97f93b8cd_normal.jpeg","profile_image_url_https":"https://pbs.twimg.com/profile_images/378800000502154306/bf941dfc2a450512bd3418f97f93b8cd_normal.jpeg","default_profile":true,"default_profile_image":false,"status":{"created_at":"Tue Jun 16 21:43:32 +0000 2015","id":610925700271501312,"id_str":"610925700271501312","text":"K-profil til fattige danskere: I kan da bare spare op http://t.co/0VcYZIr7Pa","truncated":false,"entities":{"hashtags":[],"symbols":[],"user_mentions":[],"urls":[{"url":"http://t.co/0VcYZIr7Pa","expanded_url":"http://www.avisen.dk/k-profil-til-fattige-danskere-i-kan-da-bare-spare-o_329998.aspx?shareAgID=0#","display_url":"avisen.dk/k-profil-til-f‚Ä¶","indices":[54,76]}]},"source":"<a href=\"http://twitter.com\" rel=\"nofollow\">Twitter Web Client</a>","in_reply_to_status_id":null,"in_reply_to_status_id_str":null,"in_reply_to_user_id":null,"in_reply_to_user_id_str":null,"in_reply_to_screen_name":null,"geo":null,"coordinates":null,"place":null,"contributors":null,"is_quote_status":false,"retweet_count":2,"favorite_count":0,"favorited":false,"retweeted":false,"possibly_sensitive":false,"lang":"da"}}
{"id":250057999,"id_str":"250057999","name":"Per Bisgaard","screen_name":"perbisgaard","protected":false,"verified":false,"followers_count":45,"friends_count":27,"listed_count":18,"favourites_count":2,"statuses_count":20,"created_at":"Thu Feb 10 10:05:15 +0000 2011","profile_background_image_url":"http://abs.twimg.com/images/themes/theme1/bg.png","profile_background_image_url_https":"https://abs.twimg.com/images/themes/theme1/bg.png","profile_background_tile":false,"profile_use_background_image":true,"profile_image_url":"http://pbs.twimg.com/profile_images/557846625859928066/TSVu80Ay_normal.jpeg","profile_image_url_https":"https://pbs.twimg.com/profile_images/557846625859928066/TSVu80Ay_normal.jpeg","default_profile":true,"default_profile_image":false,"status":{"created_at":"Sun May 31 18:51:01 +0000 2015","id":605084080976351232,"id_str":"605084080976351232","text":"Vil du st√∏tte min valgkamp? SMS eller betal med betalingskort. Se p√• min hjemmeside: http://t.co/E3ipQEBFNO http://t.co/2hi9ElGq33","truncated":false,"entities":{"hashtags":[],"symbols":[],"user_mentions":[],"urls":[{"url":"http://t.co/E3ipQEBFNO","expanded_url":"http://perbisgaard.venstre.dk","display_url":"perbisgaard.venstre.dk","indices":[85,107]}],"media":[{"id":605084065952178176,"id_str":"605084065952178176","indices":[108,130],"media_url":"http://pbs.twimg.com/media/CGWwwIpUIAAxIRD.jpg","media_url_https":"https://pbs.twimg.com/media/CGWwwIpUIAAxIRD.jpg","url":"http://t.co/2hi9ElGq33","display_url":"pic.twitter.com/2hi9ElGq33","expanded_url":"https://twitter.com/perbisgaard/status/605084080976351232/photo/1","type":"photo","sizes":{"thumb":{"w":150,"h":150,"resize":"crop"},"large":{"w":575,"h":1024,"resize":"fit"},"small":{"w":382,"h":680,"resize":"fit"},"medium":{"w":575,"h":1024,"resize":"fit"}}}]},"extended_entities":{"media":[{"id":605084065952178176,"id_str":"605084065952178176","indices":[108,130],"media_url":"http://pbs.twimg.com/media/CGWwwIpUIAAxIRD.jpg","media_url_https":"https://pbs.twimg.com/media/CGWwwIpUIAAxIRD.jpg","url":"http://t.co/2hi9ElGq33","display_url":"pic.twitter.com/2hi9ElGq33","expanded_url":"https://twitter.com/perbisgaard/status/605084080976351232/photo/1","type":"photo","sizes":{"thumb":{"w":150,"h":150,"resize":"crop"},"large":{"w":575,"h":1024,"resize":"fit"},"small":{"w":382,"h":680,"resize":"fit"},"medium":{"w":575,"h":1024,"resize":"fit"}}}]},"source":"<a href=\"http://twitter.com/download/iphone\" rel=\"nofollow\">Twitter for iPhone</a>","in_reply_to_status_id":null,"in_reply_to_status_id_str":null,"in_reply_to_user_id":null,"in_reply_to_user_id_str":null,"in_reply_to_screen_name":null,"geo":null,"coordinates":null,"place":null,"contributors":null,"is_quote_status":false,"retweet_count":2,"favorite_count":1,"favorited":false,"retweeted":false,"possibly_sensitive":false,"lang":"da"}}
{"id":229019073,"id_str":"229019073","name":"J√∏rgen Hein","screen_name":"aabcollege","protected":false,"verified":false,"followers_count":36,"friends_count":1,"listed_count":12,"favourites_count":0,"statuses_count":0,"created_at":"Tue Dec 21 09:03:13 +0000 2010","profile_background_image_url":"http://abs.twimg.com/images/themes/theme1/bg.png","profile_background_image_url_https":"https://abs.twimg.com/images/themes/theme1/bg.png","profile_background_tile":false,"profile_use_background_image":true,"profile_image_url":"http://abs.twimg.com/sticky/default_profile_images/default_profile_normal.png","profile_image_url_https":"https://abs.twimg.com/sticky/default_profile_images/default_profile_normal.png","default_profile":true,"default_profile_image":true,"status":null}
{"id":21747921,"id_str":"21747921","name":"Lis Mancini","screen_name":"lismancini","protected":false,"verified":false,"followers_count":63,"friends_count":103,"listed_count":12,"favourites_count":10,"statuses_count":15,"created_at":"Tue Feb 24 12:03:01 +0000 2009","profile_background_image_url":"http://abs.twimg.com/images/themes/theme12/bg.gif","profile_background_image_url_https":"https://abs.twimg.com/images/themes/theme12/bg.gif","profile_background_tile":false,"profile_use_background_image":true,"profile_image_url":"http://pbs.twimg.com/profile_images/378800000030903630/e4745616d53db74a5ae03d1768b96d97_normal.jpeg","profile_image_url_https":"https://pbs.twimg.com/profile_images/378800000030903630/e4745616d53db74a5ae03d1768b96d97_normal.jpeg","default_profile":false,"default_profile_image":false,"status":{"created_at":"Sat Jan 26 07:51:51 +0000 2019","id":1089068386703892480,"id_str":"1089068386703892480","text":"RT @UAstman: Lanceret af @regionerne i september. Og vi er igang med forberedelsen. Det er Region Nordjylland, der p√• vegne af de fem regio‚Ä¶","truncated":false,"entities":{"hashtags":[],"symbols":[],"user_mentions":[{"screen_name":"UAstman","name":"Ulla Astman","id":2514269573,"id_str":"2514269573","indices":[3,11]},{"screen_name":"regionerne","name":"Danske Regioner","id":601813544,"id_str":"601813544","indices":[25,36]}],"urls":[]},"source":"<a href=\"http://twitter.com/download/iphone\" rel=\"nofollow\">Twitter for iPhone</a>","in_reply_to_status_id":null,"in_reply_to_status_id_str":null,"in_reply_to_user_id":null,"in_reply_to_user_id_str":null,"in_reply_to_screen_name":null,"geo":null,"coordinates":null,"place":null,"contributors":null,"retweeted_status":{"created_at":"Fri Jan 25 17:53:19 +0000 2019","id":1088857361228410886,"id_str":"1088857361228410886","text":"Lanceret af @regionerne i september. Og vi er igang med forberedelsen. Det er Region Nordjylland, der p√• vegne af d‚Ä¶ https://t.co/NTTBoCar6I","truncated":true,"entities":{"hashtags":[],"symbols":[],"user_mentions":[{"screen_name":"regionerne","name":"Danske Regioner","id":601813544,"id_str":"601813544","indices":[12,23]}],"urls":[{"url":"https://t.co/NTTBoCar6I","expanded_url":"https://twitter.com/i/web/status/1088857361228410886","display_url":"twitter.com/i/web/status/1‚Ä¶","indices":[117,140]}]},"source":"<a href=\"http://twitter.com/download/iphone\" rel=\"nofollow\">Twitter for iPhone</a>","in_reply_to_status_id":null,"in_reply_to_status_id_str":null,"in_reply_to_user_id":null,"in_reply_to_user_id_str":null,"in_reply_to_screen_name":null,"geo":null,"coordinates":null,"place":null,"contributors":null,"is_quote_status":true,"quoted_status_id":1088823152799596547,"quoted_status_id_str":"1088823152799596547","retweet_count":4,"favorite_count":17,"favorited":false,"retweeted":false,"possibly_sensitive":false,"lang":"da"},"is_quote_status":true,"quoted_status_id":1088823152799596547,"quoted_status_id_str":"1088823152799596547","retweet_count":4,"favorite_count":0,"favorited":false,"retweeted":false,"lang":"da"}}
