{"id":820941912773365760,"id_str":"820941912773365760","name":"Venstres Ungdom","screen_name":"VUngdom","protected":false,"verified":false,"followers_count":495,"friends_count":338,"listed_count":11,"favourites_count":98,"statuses_count":63,"created_at":"Mon Jan 16 10:32:59 +0000 2017","profile_background_image_url":null,"profile_background_image_url_https":null,"profile_background_tile":false,"profile_use_background_image":true,"profile_image_url":"http://pbs.twimg.com/profile_images/820970419343790080/zfVFAfWw_normal.jpg","profile_image_url_https":"https://pbs.twimg.com/profile_images/820970419343790080/zfVFAfWw_normal.jpg","default_profile":true,"default_profile_image":false,"status":{"created_at":"Tue Jan 29 06:38:38 +0000 2019","id":1090137121543856128,"id_str":"1090137121543856128","text":"VI K√ÜMPER FOR AT AFSKAFFE TOPSKATTEN! üí∞\n\nIngen skal straffes for at arbejde h√•rdt, tage en lang uddannelse eller f√•‚Ä¶ https://t.co/ZG59zdt3iJ","truncated":true,"entities":{"hashtags":[],"symbols":[],"user_mentions":[],"urls":[{"url":"https://t.co/ZG59zdt3iJ","expanded_url":"https://twitter.com/i/web/status/1090137121543856128","display_url":"twitter.com/i/web/status/1‚Ä¶","indices":[117,140]}]},"source":"<a href=\"http://twitter.com/download/iphone\" rel=\"nofollow\">Twitter for iPhone</a>","in_reply_to_status_id":null,"in_reply_to_status_id_str":null,"in_reply_to_user_id":null,"in_reply_to_user_id_str":null,"in_reply_to_screen_name":null,"geo":null,"coordinates":null,"place":null,"contributors":null,"is_quote_status":false,"retweet_count":5,"favorite_count":32,"favorited":false,"retweeted":false,"possibly_sensitive":false,"lang":"da"}}
{"id":741924030043856896,"id_str":"741924030043856896","name":"Alternativets Unge","screen_name":"AlternativeUnge","protected":false,"verified":false,"followers_count":502,"friends_count":545,"listed_count":10,"favourites_count":337,"statuses_count":326,"created_at":"Sun Jun 12 09:24:07 +0000 2016","profile_background_image_url":"http://abs.twimg.com/images/themes/theme1/bg.png","profile_background_image_url_https":"https://abs.twimg.com/images/themes/theme1/bg.png","profile_background_tile":false,"profile_use_background_image":false,"profile_image_url":"http://pbs.twimg.com/profile_images/1088732865360289792/BKYuutxB_normal.jpg","profile_image_url_https":"https://pbs.twimg.com/profile_images/1088732865360289792/BKYuutxB_normal.jpg","default_profile":false,"default_profile_image":false,"status":{"created_at":"Fri Jan 25 11:00:52 +0000 2019","id":1088753563860455424,"id_str":"1088753563860455424","text":"HIIIITTTTT!! tjek den fulde video ud her https://t.co/IukDgU1ERx #derforuffe https://t.co/KZNZpXaUFc","truncated":false,"entities":{"hashtags":[{"text":"derforuffe","indices":[65,76]}],"symbols":[],"user_mentions":[],"urls":[{"url":"https://t.co/IukDgU1ERx","expanded_url":"https://www.youtube.com/watch?v=qWgukEVLOL8","display_url":"youtube.com/watch?v=qWgukE‚Ä¶","indices":[41,64]}],"media":[{"id":1088752258811117568,"id_str":"1088752258811117568","indices":[77,100],"media_url":"http://pbs.twimg.com/ext_tw_video_thumb/1088752258811117568/pu/img/5GBq0aHElrr3a_d8.jpg","media_url_https":"https://pbs.twimg.com/ext_tw_video_thumb/1088752258811117568/pu/img/5GBq0aHElrr3a_d8.jpg","url":"https://t.co/KZNZpXaUFc","display_url":"pic.twitter.com/KZNZpXaUFc","expanded_url":"https://twitter.com/AlternativeUnge/status/1088753563860455424/video/1","type":"photo","sizes":{"thumb":{"w":150,"h":150,"resize":"crop"},"medium":{"w":1200,"h":675,"resize":"fit"},"small":{"w":680,"h":383,"resize":"fit"},"large":{"w":1280,"h":720,"resize":"fit"}}}]},"extended_entities":{"media":[{"id":1088752258811117568,"id_str":"1088752258811117568","indices":[77,100],"media_url":"http://pbs.twimg.com/ext_tw_video_thumb/1088752258811117568/pu/img/5GBq0aHElrr3a_d8.jpg","media_url_https":"https://pbs.twimg.com/ext_tw_video_thumb/1088752258811117568/pu/img/5GBq0aHElrr3a_d8.jpg","url":"https://t.co/KZNZpXaUFc","display_url":"pic.twitter.com/KZNZpXaUFc","expanded_url":"https://twitter.com/AlternativeUnge/status/1088753563860455424/video/1","type":"video","sizes":{"thumb":{"w":150,"h":150,"resize":"crop"},"medium":{"w":1200,"h":675,"resize":"fit"},"small":{"w":680,"h":383,"resize":"fit"},"large":{"w":1280,"h":720,"resize":"fit"}},"video_info":{"aspect_ratio":[16,9],"duration_millis":80251,"variants":[{"bitrate":832000,"content_type":"video/mp4","url":"https://video.twimg.com/ext_tw_video/1088752258811117568/pu/vid/640x360/FI5ipJwUVzDTNUN2.mp4?tag=6"},{"content_type":"application/x-mpegURL","url":"https://video.twimg.com/ext_tw_video/1088752258811117568/pu/pl/qkKj0RdWpZRae3gO.m3u8?tag=6"},{"bitrate":256000,"content_type":"video/mp4","url":"https://video.twimg.com/ext_tw_video/1088752258811117568/pu/vid/320x180/kb-9ApxeCvk2syXG.mp4?tag=6"},{"bitrate":2176000,"content_type":"video/mp4","url":"https://video.twimg.com/ext_tw_video/1088752258811117568/pu/vid/1280x720/48rto2n8Q3qWQeMH.mp4?tag=6"}]},"additional_media_info":{"monetizable":false}}]},"source":"<a href=\"http://twitter.com\" rel=\"nofollow\">Twitter Web Client</a>","in_reply_to_status_id":null,"in_reply_to_status_id_str":null,"in_reply_to_user_id":null,"in_reply_to_user_id_str":null,"in_reply_to_screen_name":null,"geo":null,"coordinates":null,"place":null,"contributors":null,"is_quote_status":false,"retweet_count":21,"favorite_count":50,"favorited":false,"retweeted":false,"possibly_sensitive":false,"lang":"da"}}
{"id":3892322247,"id_str":"3892322247","name":"Nye Borgerlige","screen_name":"NyeBorgerlige","protected":false,"verified":false,"followers_count":1075,"friends_count":0,"listed_count":31,"favourites_count":11,"statuses_count":50,"created_at":"Wed Oct 07 18:35:56 +0000 2015","profile_background_image_url":"http://abs.twimg.com/images/themes/theme1/bg.png","profile_background_image_url_https":"https://abs.twimg.com/images/themes/theme1/bg.png","profile_background_tile":false,"profile_use_background_image":true,"profile_image_url":"http://pbs.twimg.com/profile_images/656398348694503424/Os_RA7Nw_normal.png","profile_image_url_https":"https://pbs.twimg.com/profile_images/656398348694503424/Os_RA7Nw_normal.png","default_profile":true,"default_profile_image":false,"status":{"created_at":"Thu Oct 06 13:05:15 +0000 2016","id":784016671921111040,"id_str":"784016671921111040","text":"Social- og Indenrigsministeriet har nu officielt godkendt os til opstilling. Vi f√•r listebogstav D for Danmark. Vi gl√¶der os. #DKPOL","truncated":false,"entities":{"hashtags":[{"text":"DKPOL","indices":[126,132]}],"symbols":[],"user_mentions":[],"urls":[]},"source":"<a href=\"http://twitter.com\" rel=\"nofollow\">Twitter Web Client</a>","in_reply_to_status_id":null,"in_reply_to_status_id_str":null,"in_reply_to_user_id":null,"in_reply_to_user_id_str":null,"in_reply_to_screen_name":null,"geo":null,"coordinates":null,"place":null,"contributors":null,"is_quote_status":false,"retweet_count":7,"favorite_count":35,"favorited":false,"retweeted":false,"lang":"da"}}
{"id":2758236479,"id_str":"2758236479","name":"Dansk Folkepartis Ungdom","screen_name":"DFUngdom","protected":false,"verified":false,"followers_count":927,"friends_count":248,"listed_count":23,"favourites_count":433,"statuses_count":553,"created_at":"Mon Sep 01 14:25:23 +0000 2014","profile_background_image_url":"http://abs.twimg.com/images/themes/theme1/bg.png","profile_background_image_url_https":"https://abs.twimg.com/images/themes/theme1/bg.png","profile_background_tile":false,"profile_use_background_image":true,"profile_image_url":"http://pbs.twimg.com/profile_images/909884383640866817/TKKs9RD6_normal.jpg","profile_image_url_https":"https://pbs.twimg.com/profile_images/909884383640866817/TKKs9RD6_normal.jpg","default_profile":true,"default_profile_image":false,"status":{"created_at":"Thu Jan 31 20:29:28 +0000 2019","id":1091070985367883777,"id_str":"1091070985367883777","text":"TUSIND TAK! Vi er S√Ö lykkelige! \n\nVi er glade for alle jeres stemmer! 8,4% - Det kan noget! \nVi er S√Ö klar til n√¶st‚Ä¶ https://t.co/biGWIYa5D8","truncated":true,"entities":{"hashtags":[],"symbols":[],"user_mentions":[],"urls":[{"url":"https://t.co/biGWIYa5D8","expanded_url":"https://twitter.com/i/web/status/1091070985367883777","display_url":"twitter.com/i/web/status/1‚Ä¶","indices":[117,140]}]},"source":"<a href=\"http://twitter.com/download/iphone\" rel=\"nofollow\">Twitter for iPhone</a>","in_reply_to_status_id":null,"in_reply_to_status_id_str":null,"in_reply_to_user_id":null,"in_reply_to_user_id_str":null,"in_reply_to_screen_name":null,"geo":null,"coordinates":null,"place":null,"contributors":null,"is_quote_status":false,"retweet_count":11,"favorite_count":45,"favorited":false,"retweeted":false,"possibly_sensitive":false,"lang":"da"}}
{"id":2742084722,"id_str":"2742084722","name":"Nationalpartiet","screen_name":"Nationalpartiet","protected":false,"verified":false,"followers_count":1308,"friends_count":17,"listed_count":29,"favourites_count":481,"statuses_count":1853,"created_at":"Mon Aug 18 13:39:38 +0000 2014","profile_background_image_url":"http://abs.twimg.com/images/themes/theme1/bg.png","profile_background_image_url_https":"https://abs.twimg.com/images/themes/theme1/bg.png","profile_background_tile":false,"profile_use_background_image":true,"profile_image_url":"http://pbs.twimg.com/profile_images/522347149946675200/a_-v-kbg_normal.jpeg","profile_image_url_https":"https://pbs.twimg.com/profile_images/522347149946675200/a_-v-kbg_normal.jpeg","default_profile":true,"default_profile_image":false,"status":{"created_at":"Tue Mar 05 20:12:07 +0000 2019","id":1103025417500397571,"id_str":"1103025417500397571","text":"L√¶rere i folkeskolen diskriminerer elever med mellem√∏stlige navne. S√•dan lyder en af konklusionerne i et forsknings‚Ä¶ https://t.co/SnnAyd2FT3","truncated":true,"entities":{"hashtags":[],"symbols":[],"user_mentions":[],"urls":[{"url":"https://t.co/SnnAyd2FT3","expanded_url":"https://twitter.com/i/web/status/1103025417500397571","display_url":"twitter.com/i/web/status/1‚Ä¶","indices":[117,140]}]},"source":"<a href=\"http://www.facebook.com/twitter\" rel=\"nofollow\">Facebook</a>","in_reply_to_status_id":null,"in_reply_to_status_id_str":null,"in_reply_to_user_id":null,"in_reply_to_user_id_str":null,"in_reply_to_screen_name":null,"geo":null,"coordinates":null,"place":null,"contributors":null,"is_quote_status":false,"retweet_count":1,"favorite_count":2,"favorited":false,"retweeted":false,"possibly_sensitive":false,"lang":"da"}}
{"id":2729491014,"id_str":"2729491014","name":"SUF","screen_name":"sufnet","protected":false,"verified":false,"followers_count":599,"friends_count":114,"listed_count":10,"favourites_count":161,"statuses_count":312,"created_at":"Wed Aug 13 13:58:24 +0000 2014","profile_background_image_url":"http://abs.twimg.com/images/themes/theme1/bg.png","profile_background_image_url_https":"https://abs.twimg.com/images/themes/theme1/bg.png","profile_background_tile":false,"profile_use_background_image":false,"profile_image_url":"http://pbs.twimg.com/profile_images/499556662374453248/grYWr6mv_normal.jpeg","profile_image_url_https":"https://pbs.twimg.com/profile_images/499556662374453248/grYWr6mv_normal.jpeg","default_profile":false,"default_profile_image":false,"status":{"created_at":"Fri Jan 13 17:11:45 +0000 2017","id":819955104598081537,"id_str":"819955104598081537","text":"S√• skydes @skolevalgdk i gang p√• s√∏ndag.\n\nVi har en verden at vinde!\nDet skal kunne lade sig g√∏re.\n\n#skolevalg\nhttps://t.co/wvsYmhljSr","truncated":false,"entities":{"hashtags":[{"text":"skolevalg","indices":[100,110]}],"symbols":[],"user_mentions":[{"screen_name":"skolevalgdk","name":"Skolevalg 2019","id":794565008210489348,"id_str":"794565008210489348","indices":[10,22]}],"urls":[{"url":"https://t.co/wvsYmhljSr","expanded_url":"https://www.youtube.com/watch?v=xQvdUqeoCEI","display_url":"youtube.com/watch?v=xQvdUq‚Ä¶","indices":[111,134]}]},"source":"<a href=\"http://twitter.com\" rel=\"nofollow\">Twitter Web Client</a>","in_reply_to_status_id":null,"in_reply_to_status_id_str":null,"in_reply_to_user_id":null,"in_reply_to_user_id_str":null,"in_reply_to_screen_name":null,"geo":null,"coordinates":null,"place":null,"contributors":null,"is_quote_status":false,"retweet_count":3,"favorite_count":4,"favorited":false,"retweeted":false,"possibly_sensitive":false,"lang":"da"}}
{"id":2605831046,"id_str":"2605831046","name":"Liberal Alliances Ungdom","screen_name":"LiberalUngdomDK","protected":false,"verified":false,"followers_count":1816,"friends_count":1924,"listed_count":31,"favourites_count":1000,"statuses_count":849,"created_at":"Sat Jul 05 17:25:53 +0000 2014","profile_background_image_url":"http://abs.twimg.com/images/themes/theme1/bg.png","profile_background_image_url_https":"https://abs.twimg.com/images/themes/theme1/bg.png","profile_background_tile":false,"profile_use_background_image":true,"profile_image_url":"http://pbs.twimg.com/profile_images/520353092265447424/0qZMGFEt_normal.jpeg","profile_image_url_https":"https://pbs.twimg.com/profile_images/520353092265447424/0qZMGFEt_normal.jpeg","default_profile":true,"default_profile_image":false,"status":{"created_at":"Thu Jan 24 10:19:29 +0000 2019","id":1088380762095845377,"id_str":"1088380762095845377","text":"Vi vil l√∏se klimaudfordringerne gennem fri forskning. Enig? #LiberalUngdomDK #dkpol #LiberalAlliance #skolevalg2019 https://t.co/ek9KNeudSV","truncated":false,"entities":{"hashtags":[{"text":"LiberalUngdomDK","indices":[60,76]},{"text":"dkpol","indices":[77,83]},{"text":"LiberalAlliance","indices":[84,100]},{"text":"skolevalg2019","indices":[101,115]}],"symbols":[],"user_mentions":[],"urls":[],"media":[{"id":1088380696962494464,"id_str":"1088380696962494464","indices":[116,139],"media_url":"http://pbs.twimg.com/ext_tw_video_thumb/1088380696962494464/pu/img/6CqOrwcPwNWxYXoV.jpg","media_url_https":"https://pbs.twimg.com/ext_tw_video_thumb/1088380696962494464/pu/img/6CqOrwcPwNWxYXoV.jpg","url":"https://t.co/ek9KNeudSV","display_url":"pic.twitter.com/ek9KNeudSV","expanded_url":"https://twitter.com/LiberalUngdomDK/status/1088380762095845377/video/1","type":"photo","sizes":{"thumb":{"w":150,"h":150,"resize":"crop"},"small":{"w":680,"h":680,"resize":"fit"},"medium":{"w":720,"h":720,"resize":"fit"},"large":{"w":720,"h":720,"resize":"fit"}}}]},"extended_entities":{"media":[{"id":1088380696962494464,"id_str":"1088380696962494464","indices":[116,139],"media_url":"http://pbs.twimg.com/ext_tw_video_thumb/1088380696962494464/pu/img/6CqOrwcPwNWxYXoV.jpg","media_url_https":"https://pbs.twimg.com/ext_tw_video_thumb/1088380696962494464/pu/img/6CqOrwcPwNWxYXoV.jpg","url":"https://t.co/ek9KNeudSV","display_url":"pic.twitter.com/ek9KNeudSV","expanded_url":"https://twitter.com/LiberalUngdomDK/status/1088380762095845377/video/1","type":"video","sizes":{"thumb":{"w":150,"h":150,"resize":"crop"},"small":{"w":680,"h":680,"resize":"fit"},"medium":{"w":720,"h":720,"resize":"fit"},"large":{"w":720,"h":720,"resize":"fit"}},"video_info":{"aspect_ratio":[1,1],"duration_millis":12292,"variants":[{"content_type":"application/x-mpegURL","url":"https://video.twimg.com/ext_tw_video/1088380696962494464/pu/pl/OheKl_m5hpzX33mY.m3u8?tag=6"},{"bitrate":832000,"content_type":"video/mp4","url":"https://video.twimg.com/ext_tw_video/1088380696962494464/pu/vid/480x480/a_Fn45O5fQTyDZ7S.mp4?tag=6"},{"bitrate":432000,"content_type":"video/mp4","url":"https://video.twimg.com/ext_tw_video/1088380696962494464/pu/vid/320x320/MQ05QHg0_CnVbYQM.mp4?tag=6"},{"bitrate":1280000,"content_type":"video/mp4","url":"https://video.twimg.com/ext_tw_video/1088380696962494464/pu/vid/720x720/Hheb707kp835MV84.mp4?tag=6"}]},"additional_media_info":{"monetizable":false}}]},"source":"<a href=\"http://twitter.com\" rel=\"nofollow\">Twitter Web Client</a>","in_reply_to_status_id":null,"in_reply_to_status_id_str":null,"in_reply_to_user_id":null,"in_reply_to_user_id_str":null,"in_reply_to_screen_name":null,"geo":null,"coordinates":null,"place":null,"contributors":null,"is_quote_status":false,"retweet_count":0,"favorite_count":2,"favorited":false,"retweeted":false,"possibly_sensitive":false,"lang":"da"}}
{"id":1704527995,"id_str":"1704527995","name":"Alternativet","screen_name":"alternativet_","protected":false,"verified":false,"followers_count":24684,"friends_count":3695,"listed_count":252,"favourites_count":15575,"statuses_count":23341,"created_at":"Tue Aug 27 11:53:50 +0000 2013","profile_background_image_url":"http://abs.twimg.com/images/themes/theme1/bg.png","profile_background_image_url_https":"https://abs.twimg.com/images/themes/theme1/bg.png","profile_background_tile":false,"profile_use_background_image":false,"profile_image_url":"http://pbs.twimg.com/profile_images/587939007079829504/cd2rFopX_normal.jpg","profile_image_url_https":"https://pbs.twimg.com/profile_images/587939007079829504/cd2rFopX_normal.jpg","default_profile":false,"default_profile_image":false,"status":{"created_at":"Wed Mar 06 07:02:35 +0000 2019","id":1103189111970676736,"id_str":"1103189111970676736","text":"RT @carolinamaier: Det her er intet mindre end en katastrofe siger @kjeldra fra @BornsVilkar i P1 Morgen. Jeg er S√Ö enig og vi kan ikke v√¶r‚Ä¶","truncated":false,"entities":{"hashtags":[],"symbols":[],"user_mentions":[{"screen_name":"carolinamaier","name":"Carolina M. Maier","id":33848504,"id_str":"33848504","indices":[3,17]},{"screen_name":"kjeldra","name":"Rasmus Kjeldahl","id":70143180,"id_str":"70143180","indices":[67,75]},{"screen_name":"BornsVilkar","name":"B√∏rns Vilk√•r","id":2472366108,"id_str":"2472366108","indices":[80,92]}],"urls":[]},"source":"<a href=\"http://twitter.com/download/iphone\" rel=\"nofollow\">Twitter for iPhone</a>","in_reply_to_status_id":null,"in_reply_to_status_id_str":null,"in_reply_to_user_id":null,"in_reply_to_user_id_str":null,"in_reply_to_screen_name":null,"geo":null,"coordinates":null,"place":null,"contributors":null,"retweeted_status":{"created_at":"Wed Mar 06 06:23:32 +0000 2019","id":1103179286029258754,"id_str":"1103179286029258754","text":"Det her er intet mindre end en katastrofe siger @kjeldra fra @BornsVilkar i P1 Morgen. Jeg er S√Ö enig og vi kan ikk‚Ä¶ https://t.co/XsPww9Ghbg","truncated":true,"entities":{"hashtags":[],"symbols":[],"user_mentions":[{"screen_name":"kjeldra","name":"Rasmus Kjeldahl","id":70143180,"id_str":"70143180","indices":[48,56]},{"screen_name":"BornsVilkar","name":"B√∏rns Vilk√•r","id":2472366108,"id_str":"2472366108","indices":[61,73]}],"urls":[{"url":"https://t.co/XsPww9Ghbg","expanded_url":"https://twitter.com/i/web/status/1103179286029258754","display_url":"twitter.com/i/web/status/1‚Ä¶","indices":[117,140]}]},"source":"<a href=\"http://twitter.com/download/iphone\" rel=\"nofollow\">Twitter for iPhone</a>","in_reply_to_status_id":null,"in_reply_to_status_id_str":null,"in_reply_to_user_id":null,"in_reply_to_user_id_str":null,"in_reply_to_screen_name":null,"geo":null,"coordinates":null,"place":{"id":"936b83f20956cd4c","url":"https://api.twitter.com/1.1/geo/id/936b83f20956cd4c.json","place_type":"city","name":"Copenhagen","full_name":"Copenhagen, Denmark","country_code":"DK","country":"Denmark","contained_within":[],"bounding_box":{"type":"Polygon","coordinates":[[[12.453064,55.613717],[12.6522012,55.613717],[12.6522012,55.731834],[12.453064,55.731834]]]},"attributes":{}},"contributors":null,"is_quote_status":false,"retweet_count":4,"favorite_count":16,"favorited":false,"retweeted":false,"possibly_sensitive":false,"lang":"da"},"is_quote_status":false,"retweet_count":4,"favorite_count":0,"favorited":false,"retweeted":false,"lang":"da"}}
{"id":1615444519,"id_str":"1615444519","name":"SF Ungdom","screen_name":"SF_Ungdom","protected":false,"verified":false,"followers_count":1209,"friends_count":134,"listed_count":31,"favourites_count":184,"statuses_count":364,"created_at":"Tue Jul 23 14:43:08 +0000 2013","profile_background_image_url":"http://abs.twimg.com/images/themes/theme1/bg.png","profile_background_image_url_https":"https://abs.twimg.com/images/themes/theme1/bg.png","profile_background_tile":false,"profile_use_background_image":true,"profile_image_url":"http://pbs.twimg.com/profile_images/378800000176114863/14eeac6789e8dfc559b1f4035142c42c_normal.png","profile_image_url_https":"https://pbs.twimg.com/profile_images/378800000176114863/14eeac6789e8dfc559b1f4035142c42c_normal.png","default_profile":true,"default_profile_image":false,"status":{"created_at":"Mon Jan 28 20:48:30 +0000 2019","id":1089988610529640448,"id_str":"1089988610529640448","text":"@LarsHFF @Elmebaek @triermogensen @24syv Hun gjorde det simpelthen s√• skide godt!","truncated":false,"entities":{"hashtags":[],"symbols":[],"user_mentions":[{"screen_name":"LarsHFF","name":"Lars H. Friis Fars√∏e","id":1132045818,"id_str":"1132045818","indices":[0,8]},{"screen_name":"Elmebaek","name":"Esther Elmegaard B√¶k","id":1721811764,"id_str":"1721811764","indices":[9,18]},{"screen_name":"triermogensen","name":"Lars Trier Mogensen","id":176764472,"id_str":"176764472","indices":[19,33]},{"screen_name":"24syv","name":"24syv","id":277960855,"id_str":"277960855","indices":[34,40]}],"urls":[]},"source":"<a href=\"http://twitter.com/download/android\" rel=\"nofollow\">Twitter for Android</a>","in_reply_to_status_id":1089986482562060289,"in_reply_to_status_id_str":"1089986482562060289","in_reply_to_user_id":1132045818,"in_reply_to_user_id_str":"1132045818","in_reply_to_screen_name":"LarsHFF","geo":null,"coordinates":null,"place":null,"contributors":null,"is_quote_status":false,"retweet_count":0,"favorite_count":2,"favorited":false,"retweeted":false,"lang":"da"}}
{"id":1227448789,"id_str":"1227448789","name":"Dansk Folkeparti","screen_name":"DanskDf1995","protected":false,"verified":true,"followers_count":13483,"friends_count":642,"listed_count":173,"favourites_count":1640,"statuses_count":2719,"created_at":"Thu Feb 28 12:26:20 +0000 2013","profile_background_image_url":"http://abs.twimg.com/images/themes/theme1/bg.png","profile_background_image_url_https":"https://abs.twimg.com/images/themes/theme1/bg.png","profile_background_tile":false,"profile_use_background_image":true,"profile_image_url":"http://pbs.twimg.com/profile_images/3374741690/bb7ff114517b3b649837f897f3f0e519_normal.jpeg","profile_image_url_https":"https://pbs.twimg.com/profile_images/3374741690/bb7ff114517b3b649837f897f3f0e519_normal.jpeg","default_profile":true,"default_profile_image":false,"status":{"created_at":"Tue Mar 05 19:00:54 +0000 2019","id":1103007495772082176,"id_str":"1103007495772082176","text":"RT @Kristianthdahl: Fint med meget mere vedvarende energi! Men i en lang √•rr√¶kke frem har vi alts√• stadig brug for olie og gas. Derfor skal‚Ä¶","truncated":false,"entities":{"hashtags":[],"symbols":[],"user_mentions":[{"screen_name":"Kristianthdahl","name":"Kristian Th. Dahl","id":854722518426451968,"id_str":"854722518426451968","indices":[3,18]}],"urls":[]},"source":"<a href=\"http://twitter.com/download/iphone\" rel=\"nofollow\">Twitter for iPhone</a>","in_reply_to_status_id":null,"in_reply_to_status_id_str":null,"in_reply_to_user_id":null,"in_reply_to_user_id_str":null,"in_reply_to_screen_name":null,"geo":null,"coordinates":null,"place":null,"contributors":null,"retweeted_status":{"created_at":"Tue Mar 05 18:54:58 +0000 2019","id":1103006000557248512,"id_str":"1103006000557248512","text":"Fint med meget mere vedvarende energi! Men i en lang √•rr√¶kke frem har vi alts√• stadig brug for olie og gas. Derfor‚Ä¶ https://t.co/XOYOKFhYC0","truncated":true,"entities":{"hashtags":[],"symbols":[],"user_mentions":[],"urls":[{"url":"https://t.co/XOYOKFhYC0","expanded_url":"https://twitter.com/i/web/status/1103006000557248512","display_url":"twitter.com/i/web/status/1‚Ä¶","indices":[116,139]}]},"source":"<a href=\"http://twitter.com/download/iphone\" rel=\"nofollow\">Twitter for iPhone</a>","in_reply_to_status_id":null,"in_reply_to_status_id_str":null,"in_reply_to_user_id":null,"in_reply_to_user_id_str":null,"in_reply_to_screen_name":null,"geo":null,"coordinates":null,"place":null,"contributors":null,"is_quote_status":false,"retweet_count":11,"favorite_count":29,"favorited":false,"retweeted":false,"possibly_sensitive":false,"lang":"da"},"is_quote_status":false,"retweet_count":11,"favorite_count":0,"favorited":false,"retweeted":false,"lang":"da"}}
{"id":1201451732,"id_str":"1201451732","name":"DSU","screen_name":"DSUnet","protected":false,"verified":false,"followers_count":3053,"friends_count":472,"listed_count":59,"favourites_count":200,"statuses_count":955,"created_at":"Wed Feb 20 15:56:25 +0000 2013","profile_background_image_url":"http://abs.twimg.com/images/themes/theme14/bg.gif","profile_background_image_url_https":"https://abs.twimg.com/images/themes/theme14/bg.gif","profile_background_tile":false,"profile_use_background_image":true,"profile_image_url":"http://pbs.twimg.com/profile_images/1043416928042319872/4TEVwT7f_normal.jpg","profile_image_url_https":"https://pbs.twimg.com/profile_images/1043416928042319872/4TEVwT7f_normal.jpg","default_profile":false,"default_profile_image":false,"status":{"created_at":"Sat Sep 22 10:39:42 +0000 2018","id":1043449752568967168,"id_str":"1043449752568967168","text":"\"Jeg vil v√¶re b√∏rnenes statsminister\" Mette Frederiksen p√• #Skongres.\n\nDet kan ikke siges meget bedre. Danmark skal‚Ä¶ https://t.co/Eb5DHNc2vt","truncated":true,"entities":{"hashtags":[{"text":"Skongres","indices":[59,68]}],"symbols":[],"user_mentions":[],"urls":[{"url":"https://t.co/Eb5DHNc2vt","expanded_url":"https://twitter.com/i/web/status/1043449752568967168","display_url":"twitter.com/i/web/status/1‚Ä¶","indices":[117,140]}]},"source":"<a href=\"http://twitter.com/download/android\" rel=\"nofollow\">Twitter for Android</a>","in_reply_to_status_id":null,"in_reply_to_status_id_str":null,"in_reply_to_user_id":null,"in_reply_to_user_id_str":null,"in_reply_to_screen_name":null,"geo":null,"coordinates":null,"place":null,"contributors":null,"is_quote_status":false,"retweet_count":4,"favorite_count":7,"favorited":false,"retweeted":false,"lang":"da"}}
{"id":609893631,"id_str":"609893631","name":"KD.pol","screen_name":"KDDanmark","protected":false,"verified":false,"followers_count":967,"friends_count":2042,"listed_count":37,"favourites_count":265,"statuses_count":2500,"created_at":"Sat Jun 16 08:25:34 +0000 2012","profile_background_image_url":"http://abs.twimg.com/images/themes/theme1/bg.png","profile_background_image_url_https":"https://abs.twimg.com/images/themes/theme1/bg.png","profile_background_tile":false,"profile_use_background_image":true,"profile_image_url":"http://pbs.twimg.com/profile_images/526035496225341440/f3p-MTxC_normal.png","profile_image_url_https":"https://pbs.twimg.com/profile_images/526035496225341440/f3p-MTxC_normal.png","default_profile":true,"default_profile_image":false,"status":{"created_at":"Mon Mar 04 19:26:39 +0000 2019","id":1102651585962930176,"id_str":"1102651585962930176","text":"RT @AllonHSorensen: Mja, m√•ske positivt for oppositionen, men jeg indr√∏mmer blankt, at jeg faktisk gerne s√• Kristendemokraterne og @StigGre‚Ä¶","truncated":false,"entities":{"hashtags":[],"symbols":[],"user_mentions":[{"screen_name":"AllonHSorensen","name":"Allon Hein S√∏rensen","id":835185583295168513,"id_str":"835185583295168513","indices":[3,18]}],"urls":[]},"source":"<a href=\"http://twitter.com/download/iphone\" rel=\"nofollow\">Twitter for iPhone</a>","in_reply_to_status_id":null,"in_reply_to_status_id_str":null,"in_reply_to_user_id":null,"in_reply_to_user_id_str":null,"in_reply_to_screen_name":null,"geo":null,"coordinates":null,"place":null,"contributors":null,"retweeted_status":{"created_at":"Mon Mar 04 09:42:37 +0000 2019","id":1102504610139459584,"id_str":"1102504610139459584","text":"Mja, m√•ske positivt for oppositionen, men jeg indr√∏mmer blankt, at jeg faktisk gerne s√• Kristendemokraterne og‚Ä¶ https://t.co/wMvF8NVzEV","truncated":true,"entities":{"hashtags":[],"symbols":[],"user_mentions":[],"urls":[{"url":"https://t.co/wMvF8NVzEV","expanded_url":"https://twitter.com/i/web/status/1102504610139459584","display_url":"twitter.com/i/web/status/1‚Ä¶","indices":[112,135]}]},"source":"<a href=\"https://mobile.twitter.com\" rel=\"nofollow\">Twitter Web App</a>","in_reply_to_status_id":null,"in_reply_to_status_id_str":null,"in_reply_to_user_id":null,"in_reply_to_user_id_str":null,"in_reply_to_screen_name":null,"geo":null,"coordinates":null,"place":null,"contributors":null,"is_quote_status":false,"retweet_count":7,"favorite_count":18,"favorited":false,"retweeted":false,"possibly_sensitive":false,"lang":"da"},"is_quote_status":false,"retweet_count":7,"favorite_count":0,"favorited":false,"retweeted":false,"lang":"da"}}
{"id":522083654,"id_str":"522083654","name":"Konservativ Ungdom","screen_name":"KU_DK","protected":false,"verified":false,"followers_count":1585,"friends_count":364,"listed_count":35,"favourites_count":374,"statuses_count":753,"created_at":"Mon Mar 12 08:48:22 +0000 2012","profile_background_image_url":"http://abs.twimg.com/images/themes/theme1/bg.png","profile_background_image_url_https":"https://abs.twimg.com/images/themes/theme1/bg.png","profile_background_tile":false,"profile_use_background_image":false,"profile_image_url":"http://pbs.twimg.com/profile_images/767665958492266496/RDSuZIzC_normal.jpg","profile_image_url_https":"https://pbs.twimg.com/profile_images/767665958492266496/RDSuZIzC_normal.jpg","default_profile":false,"default_profile_image":false,"status":{"created_at":"Fri Feb 22 12:05:45 +0000 2019","id":1098916753365782528,"id_str":"1098916753365782528","text":"RT @raesondk: \"Hvorn√•r blev det borgerligt at v√¶re hykler?\"\n\nS√•dan sp√∏rger Anders Storgaard (K) i sagen om de danske syrienkrigere (gratis)‚Ä¶","truncated":false,"entities":{"hashtags":[],"symbols":[],"user_mentions":[{"screen_name":"raesondk","name":"R√ÜSON","id":53922415,"id_str":"53922415","indices":[3,12]}],"urls":[]},"source":"<a href=\"http://twitter.com\" rel=\"nofollow\">Twitter Web Client</a>","in_reply_to_status_id":null,"in_reply_to_status_id_str":null,"in_reply_to_user_id":null,"in_reply_to_user_id_str":null,"in_reply_to_screen_name":null,"geo":null,"coordinates":null,"place":null,"contributors":null,"retweeted_status":{"created_at":"Fri Feb 22 11:31:22 +0000 2019","id":1098908101900668928,"id_str":"1098908101900668928","text":"\"Hvorn√•r blev det borgerligt at v√¶re hykler?\"\n\nS√•dan sp√∏rger Anders Storgaard (K) i sagen om de danske syrienkriger‚Ä¶ https://t.co/26CHEG7Giy","truncated":true,"entities":{"hashtags":[],"symbols":[],"user_mentions":[],"urls":[{"url":"https://t.co/26CHEG7Giy","expanded_url":"https://twitter.com/i/web/status/1098908101900668928","display_url":"twitter.com/i/web/status/1‚Ä¶","indices":[117,140]}]},"source":"<a href=\"https://about.twitter.com/products/tweetdeck\" rel=\"nofollow\">TweetDeck</a>","in_reply_to_status_id":null,"in_reply_to_status_id_str":null,"in_reply_to_user_id":null,"in_reply_to_user_id_str":null,"in_reply_to_screen_name":null,"geo":null,"coordinates":null,"place":null,"contributors":null,"is_quote_status":false,"retweet_count":3,"favorite_count":6,"favorited":false,"retweeted":false,"possibly_sensitive":false,"lang":"da"},"is_quote_status":false,"retweet_count":3,"favorite_count":0,"favorited":false,"retweeted":false,"lang":"da"}}
{"id":471285049,"id_str":"471285049","name":"Svend Thorhauge","screen_name":"SvendThorhauge","protected":false,"verified":false,"followers_count":1750,"friends_count":1437,"listed_count":53,"favourites_count":3170,"statuses_count":3060,"created_at":"Sun Jan 22 18:03:55 +0000 2012","profile_background_image_url":"http://abs.twimg.com/images/themes/theme3/bg.gif","profile_background_image_url_https":"https://abs.twimg.com/images/themes/theme3/bg.gif","profile_background_tile":false,"profile_use_background_image":true,"profile_image_url":"http://pbs.twimg.com/profile_images/1057159512715599873/J5-kTRiV_normal.jpg","profile_image_url_https":"https://pbs.twimg.com/profile_images/1057159512715599873/J5-kTRiV_normal.jpg","default_profile":false,"default_profile_image":false,"status":{"created_at":"Mon Feb 25 22:24:59 +0000 2019","id":1100159752309485568,"id_str":"1100159752309485568","text":"RT @tryberg: Det er bekymrende vi har en undervisningsminister som dumst√¶digt klynger sig til egne konklusioner fremfor sagkundskaben. Det‚Ä¶","truncated":false,"entities":{"hashtags":[],"symbols":[],"user_mentions":[{"screen_name":"tryberg","name":"Thomas Ryberg","id":23616121,"id_str":"23616121","indices":[3,11]}],"urls":[]},"source":"<a href=\"http://twitter.com/#!/download/ipad\" rel=\"nofollow\">Twitter for iPad</a>","in_reply_to_status_id":null,"in_reply_to_status_id_str":null,"in_reply_to_user_id":null,"in_reply_to_user_id_str":null,"in_reply_to_screen_name":null,"geo":null,"coordinates":null,"place":null,"contributors":null,"retweeted_status":{"created_at":"Sun Feb 24 09:15:27 +0000 2019","id":1099598672285843456,"id_str":"1099598672285843456","text":"Det er bekymrende vi har en undervisningsminister som dumst√¶digt klynger sig til egne konklusioner fremfor sagkunds‚Ä¶ https://t.co/DYR3HZ94Hk","truncated":true,"entities":{"hashtags":[],"symbols":[],"user_mentions":[],"urls":[{"url":"https://t.co/DYR3HZ94Hk","expanded_url":"https://twitter.com/i/web/status/1099598672285843456","display_url":"twitter.com/i/web/status/1‚Ä¶","indices":[117,140]}]},"source":"<a href=\"http://twitter.com\" rel=\"nofollow\">Twitter Web Client</a>","in_reply_to_status_id":null,"in_reply_to_status_id_str":null,"in_reply_to_user_id":null,"in_reply_to_user_id_str":null,"in_reply_to_screen_name":null,"geo":null,"coordinates":null,"place":null,"contributors":null,"is_quote_status":false,"retweet_count":21,"favorite_count":85,"favorited":false,"retweeted":false,"possibly_sensitive":false,"lang":"da"},"is_quote_status":false,"retweet_count":21,"favorite_count":0,"favorited":false,"retweeted":false,"lang":"da"}}
{"id":251034857,"id_str":"251034857","name":"Socialdemokratiet","screen_name":"Spolitik","protected":false,"verified":true,"followers_count":42765,"friends_count":452,"listed_count":320,"favourites_count":352,"statuses_count":2107,"created_at":"Sat Feb 12 09:12:18 +0000 2011","profile_background_image_url":"http://abs.twimg.com/images/themes/theme14/bg.gif","profile_background_image_url_https":"https://abs.twimg.com/images/themes/theme14/bg.gif","profile_background_tile":false,"profile_use_background_image":true,"profile_image_url":"http://pbs.twimg.com/profile_images/502755694655725569/rajwQoij_normal.jpeg","profile_image_url_https":"https://pbs.twimg.com/profile_images/502755694655725569/rajwQoij_normal.jpeg","default_profile":false,"default_profile_image":false,"status":{"created_at":"Tue Mar 05 18:16:00 +0000 2019","id":1102996197193773056,"id_str":"1102996197193773056","text":"RT @NWammen: Klogt og ansvarligt af @uffeelbaek  at sige stop og nej tak til regeringen i sundhedsforhandlingerne. Ser frem til et meget ko‚Ä¶","truncated":false,"entities":{"hashtags":[],"symbols":[],"user_mentions":[{"screen_name":"NWammen","name":"Nicolai Wammen","id":2803948786,"id_str":"2803948786","indices":[3,11]},{"screen_name":"uffeelbaek","name":"Uffe Elbaek","id":79255216,"id_str":"79255216","indices":[36,47]}],"urls":[]},"source":"<a href=\"http://twitter.com/download/iphone\" rel=\"nofollow\">Twitter for iPhone</a>","in_reply_to_status_id":null,"in_reply_to_status_id_str":null,"in_reply_to_user_id":null,"in_reply_to_user_id_str":null,"in_reply_to_screen_name":null,"geo":null,"coordinates":null,"place":null,"contributors":null,"retweeted_status":{"created_at":"Tue Mar 05 18:11:37 +0000 2019","id":1102995094045671425,"id_str":"1102995094045671425","text":"Klogt og ansvarligt af @uffeelbaek  at sige stop og nej tak til regeringen i sundhedsforhandlingerne. Ser frem til‚Ä¶ https://t.co/xLA50AVRKX","truncated":true,"entities":{"hashtags":[],"symbols":[],"user_mentions":[{"screen_name":"uffeelbaek","name":"Uffe Elbaek","id":79255216,"id_str":"79255216","indices":[23,34]}],"urls":[{"url":"https://t.co/xLA50AVRKX","expanded_url":"https://twitter.com/i/web/status/1102995094045671425","display_url":"twitter.com/i/web/status/1‚Ä¶","indices":[116,139]}]},"source":"<a href=\"https://mobile.twitter.com\" rel=\"nofollow\">Twitter Web App</a>","in_reply_to_status_id":null,"in_reply_to_status_id_str":null,"in_reply_to_user_id":null,"in_reply_to_user_id_str":null,"in_reply_to_screen_name":null,"geo":null,"coordinates":null,"place":null,"contributors":null,"is_quote_status":false,"retweet_count":22,"favorite_count":92,"favorited":false,"retweeted":false,"lang":"da"},"is_quote_status":false,"retweet_count":22,"favorite_count":0,"favorited":false,"retweeted":false,"lang":"da"}}
{"id":123868861,"id_str":"123868861","name":"Venstre","screen_name":"venstredk","protected":false,"verified":true,"followers_count":39446,"friends_count":505,"listed_count":300,"favourites_count":1335,"statuses_count":3013,"created_at":"Wed Mar 17 13:23:10 +0000 2010","profile_background_image_url":"http://abs.twimg.com/images/themes/theme1/bg.png","profile_background_image_url_https":"https://abs.twimg.com/images/themes/theme1/bg.png","profile_background_tile":false,"profile_use_background_image":true,"profile_image_url":"http://pbs.twimg.com/profile_images/1063516787273318400/kSw7GnQz_normal.jpg","profile_image_url_https":"https://pbs.twimg.com/profile_images/1063516787273318400/kSw7GnQz_normal.jpg","default_profile":false,"default_profile_image":false,"status":{"created_at":"Tue Mar 05 20:59:08 +0000 2019","id":1103037250617704448,"id_str":"1103037250617704448","text":"RT @Torstenschack: @Jesper_Pet @venstredk @Spolitik Kan du huske, at du lovede 900 ekstra skattemedarbejdere i 2011? Og i s√• valgte af fyre‚Ä¶","truncated":false,"entities":{"hashtags":[],"symbols":[],"user_mentions":[{"screen_name":"Torstenschack","name":"Torsten Schack","id":168644257,"id_str":"168644257","indices":[3,17]},{"screen_name":"Jesper_Pet","name":"Jesper Petersen","id":1495154216,"id_str":"1495154216","indices":[19,30]},{"screen_name":"venstredk","name":"Venstre","id":123868861,"id_str":"123868861","indices":[31,41]},{"screen_name":"Spolitik","name":"Socialdemokratiet","id":251034857,"id_str":"251034857","indices":[42,51]}],"urls":[]},"source":"<a href=\"https://mobile.twitter.com\" rel=\"nofollow\">Twitter Web App</a>","in_reply_to_status_id":null,"in_reply_to_status_id_str":null,"in_reply_to_user_id":null,"in_reply_to_user_id_str":null,"in_reply_to_screen_name":null,"geo":null,"coordinates":null,"place":null,"contributors":null,"retweeted_status":{"created_at":"Tue Mar 05 20:49:53 +0000 2019","id":1103034920375631872,"id_str":"1103034920375631872","text":"@Jesper_Pet @venstredk @Spolitik Kan du huske, at du lovede 900 ekstra skattemedarbejdere i 2011? Og i s√• valgte af‚Ä¶ https://t.co/nK5zcXcagU","truncated":true,"entities":{"hashtags":[],"symbols":[],"user_mentions":[{"screen_name":"Jesper_Pet","name":"Jesper Petersen","id":1495154216,"id_str":"1495154216","indices":[0,11]},{"screen_name":"venstredk","name":"Venstre","id":123868861,"id_str":"123868861","indices":[12,22]},{"screen_name":"Spolitik","name":"Socialdemokratiet","id":251034857,"id_str":"251034857","indices":[23,32]}],"urls":[{"url":"https://t.co/nK5zcXcagU","expanded_url":"https://twitter.com/i/web/status/1103034920375631872","display_url":"twitter.com/i/web/status/1‚Ä¶","indices":[117,140]}]},"source":"<a href=\"http://twitter.com/download/iphone\" rel=\"nofollow\">Twitter for iPhone</a>","in_reply_to_status_id":1103009732577636352,"in_reply_to_status_id_str":"1103009732577636352","in_reply_to_user_id":1495154216,"in_reply_to_user_id_str":"1495154216","in_reply_to_screen_name":"Jesper_Pet","geo":null,"coordinates":null,"place":null,"contributors":null,"is_quote_status":false,"retweet_count":6,"favorite_count":12,"favorited":false,"retweeted":false,"possibly_sensitive":false,"lang":"da"},"is_quote_status":false,"retweet_count":6,"favorite_count":0,"favorited":false,"retweeted":false,"lang":"da"}}
{"id":111554559,"id_str":"111554559","name":"Enhedslisten","screen_name":"Enhedslisten","protected":false,"verified":false,"followers_count":24722,"friends_count":434,"listed_count":329,"favourites_count":1095,"statuses_count":6745,"created_at":"Fri Feb 05 10:05:56 +0000 2010","profile_background_image_url":"http://abs.twimg.com/images/themes/theme1/bg.png","profile_background_image_url_https":"https://abs.twimg.com/images/themes/theme1/bg.png","profile_background_tile":true,"profile_use_background_image":true,"profile_image_url":"http://pbs.twimg.com/profile_images/818395287857299456/C8NwJC_c_normal.jpg","profile_image_url_https":"https://pbs.twimg.com/profile_images/818395287857299456/C8NwJC_c_normal.jpg","default_profile":false,"default_profile_image":false,"status":{"created_at":"Tue Mar 05 19:11:52 +0000 2019","id":1103010256823771136,"id_str":"1103010256823771136","text":"RT @pederhvelplund: Klogt af Alternativet! \nSundhedsreformen skaber ulighed, s√•vel socialt som geografisk. Den l√∏ser ikke det grundl√¶ggende‚Ä¶","truncated":false,"entities":{"hashtags":[],"symbols":[],"user_mentions":[{"screen_name":"pederhvelplund","name":"Peder Hvelplund","id":803908516335550464,"id_str":"803908516335550464","indices":[3,18]}],"urls":[]},"source":"<a href=\"http://twitter.com/download/iphone\" rel=\"nofollow\">Twitter for iPhone</a>","in_reply_to_status_id":null,"in_reply_to_status_id_str":null,"in_reply_to_user_id":null,"in_reply_to_user_id_str":null,"in_reply_to_screen_name":null,"geo":null,"coordinates":null,"place":null,"contributors":null,"retweeted_status":{"created_at":"Tue Mar 05 19:09:09 +0000 2019","id":1103009572736913408,"id_str":"1103009572736913408","text":"Klogt af Alternativet! \nSundhedsreformen skaber ulighed, s√•vel socialt som geografisk. Den l√∏ser ikke det grundl√¶gg‚Ä¶ https://t.co/7t7vIJU6dC","truncated":true,"entities":{"hashtags":[],"symbols":[],"user_mentions":[],"urls":[{"url":"https://t.co/7t7vIJU6dC","expanded_url":"https://twitter.com/i/web/status/1103009572736913408","display_url":"twitter.com/i/web/status/1‚Ä¶","indices":[117,140]}]},"source":"<a href=\"http://twitter.com/#!/download/ipad\" rel=\"nofollow\">Twitter for iPad</a>","in_reply_to_status_id":null,"in_reply_to_status_id_str":null,"in_reply_to_user_id":null,"in_reply_to_user_id_str":null,"in_reply_to_screen_name":null,"geo":null,"coordinates":null,"place":null,"contributors":null,"is_quote_status":false,"retweet_count":7,"favorite_count":25,"favorited":false,"retweeted":false,"possibly_sensitive":false,"lang":"da"},"is_quote_status":false,"retweet_count":7,"favorite_count":0,"favorited":false,"retweeted":false,"lang":"da"}}
{"id":28079017,"id_str":"28079017","name":"SF","screen_name":"SFpolitik","protected":false,"verified":true,"followers_count":21716,"friends_count":230,"listed_count":288,"favourites_count":1210,"statuses_count":7747,"created_at":"Wed Apr 01 09:40:55 +0000 2009","profile_background_image_url":"http://abs.twimg.com/images/themes/theme1/bg.png","profile_background_image_url_https":"https://abs.twimg.com/images/themes/theme1/bg.png","profile_background_tile":false,"profile_use_background_image":false,"profile_image_url":"http://pbs.twimg.com/profile_images/558615276816580608/ELOZe7jI_normal.jpeg","profile_image_url_https":"https://pbs.twimg.com/profile_images/558615276816580608/ELOZe7jI_normal.jpeg","default_profile":false,"default_profile_image":false,"status":{"created_at":"Tue Mar 05 21:28:11 +0000 2019","id":1103044561327263744,"id_str":"1103044561327263744","text":"RT @PiaOlsen: Det er da ikke s√• ringe endda üòä #dkpol #dkgreen #stilleogrolig https://t.co/29RjPnuFU2","truncated":false,"entities":{"hashtags":[{"text":"dkpol","indices":[46,52]},{"text":"dkgreen","indices":[53,61]},{"text":"stilleogrolig","indices":[62,76]}],"symbols":[],"user_mentions":[{"screen_name":"PiaOlsen","name":"Pia Olsen Dyhr","id":65025162,"id_str":"65025162","indices":[3,12]}],"urls":[{"url":"https://t.co/29RjPnuFU2","expanded_url":"https://twitter.com/berlingske/status/1103034054763601920","display_url":"twitter.com/berlingske/sta‚Ä¶","indices":[77,100]}]},"source":"<a href=\"http://twitter.com/download/iphone\" rel=\"nofollow\">Twitter for iPhone</a>","in_reply_to_status_id":null,"in_reply_to_status_id_str":null,"in_reply_to_user_id":null,"in_reply_to_user_id_str":null,"in_reply_to_screen_name":null,"geo":null,"coordinates":null,"place":null,"contributors":null,"retweeted_status":{"created_at":"Tue Mar 05 20:47:23 +0000 2019","id":1103034291439702017,"id_str":"1103034291439702017","text":"Det er da ikke s√• ringe endda üòä #dkpol #dkgreen #stilleogrolig https://t.co/29RjPnuFU2","truncated":false,"entities":{"hashtags":[{"text":"dkpol","indices":[32,38]},{"text":"dkgreen","indices":[39,47]},{"text":"stilleogrolig","indices":[48,62]}],"symbols":[],"user_mentions":[],"urls":[{"url":"https://t.co/29RjPnuFU2","expanded_url":"https://twitter.com/berlingske/status/1103034054763601920","display_url":"twitter.com/berlingske/sta‚Ä¶","indices":[63,86]}]},"source":"<a href=\"http://twitter.com/download/iphone\" rel=\"nofollow\">Twitter for iPhone</a>","in_reply_to_status_id":null,"in_reply_to_status_id_str":null,"in_reply_to_user_id":null,"in_reply_to_user_id_str":null,"in_reply_to_screen_name":null,"geo":null,"coordinates":null,"place":null,"contributors":null,"is_quote_status":true,"quoted_status_id":1103034054763601920,"quoted_status_id_str":"1103034054763601920","retweet_count":9,"favorite_count":73,"favorited":false,"retweeted":false,"possibly_sensitive":false,"lang":"da"},"is_quote_status":true,"quoted_status_id":1103034054763601920,"quoted_status_id_str":"1103034054763601920","retweet_count":9,"favorite_count":0,"favorited":false,"retweeted":false,"possibly_sensitive":false,"lang":"da"}}
{"id":24722242,"id_str":"24722242","name":"Radikal Ungdom","screen_name":"radikalungdom","protected":false,"verified":false,"followers_count":3339,"friends_count":1075,"listed_count":85,"favourites_count":1995,"statuses_count":2615,"created_at":"Mon Mar 16 16:43:41 +0000 2009","profile_background_image_url":"http://abs.twimg.com/images/themes/theme1/bg.png","profile_background_image_url_https":"https://abs.twimg.com/images/themes/theme1/bg.png","profile_background_tile":false,"profile_use_background_image":true,"profile_image_url":"http://pbs.twimg.com/profile_images/378800000494315296/e09f33b9327ee59b2520e563d545d24f_normal.png","profile_image_url_https":"https://pbs.twimg.com/profile_images/378800000494315296/e09f33b9327ee59b2520e563d545d24f_normal.png","default_profile":false,"default_profile_image":false,"status":{"created_at":"Wed Feb 20 11:53:57 +0000 2019","id":1098189007291383809,"id_str":"1098189007291383809","text":"RT @danskungdom: Demokratikommissionen har brug for dig!\nHvordan skaber vi en bedre debatkultur p√• sociale medier?\nGiv dit bud i kommentarf‚Ä¶","truncated":false,"entities":{"hashtags":[],"symbols":[],"user_mentions":[{"screen_name":"danskungdom","name":"DUF","id":3089078195,"id_str":"3089078195","indices":[3,15]}],"urls":[]},"source":"<a href=\"http://twitter.com/download/iphone\" rel=\"nofollow\">Twitter for iPhone</a>","in_reply_to_status_id":null,"in_reply_to_status_id_str":null,"in_reply_to_user_id":null,"in_reply_to_user_id_str":null,"in_reply_to_screen_name":null,"geo":null,"coordinates":null,"place":null,"contributors":null,"retweeted_status":{"created_at":"Tue Feb 19 13:06:33 +0000 2019","id":1097844892255039488,"id_str":"1097844892255039488","text":"Demokratikommissionen har brug for dig!\nHvordan skaber vi en bedre debatkultur p√• sociale medier?\nGiv dit bud i kom‚Ä¶ https://t.co/1QIkg0gZiB","truncated":true,"entities":{"hashtags":[],"symbols":[],"user_mentions":[],"urls":[{"url":"https://t.co/1QIkg0gZiB","expanded_url":"https://twitter.com/i/web/status/1097844892255039488","display_url":"twitter.com/i/web/status/1‚Ä¶","indices":[117,140]}]},"source":"<a href=\"http://twitter.com\" rel=\"nofollow\">Twitter Web Client</a>","in_reply_to_status_id":null,"in_reply_to_status_id_str":null,"in_reply_to_user_id":null,"in_reply_to_user_id_str":null,"in_reply_to_screen_name":null,"geo":null,"coordinates":null,"place":null,"contributors":null,"is_quote_status":false,"retweet_count":22,"favorite_count":48,"favorited":false,"retweeted":false,"possibly_sensitive":false,"lang":"da"},"is_quote_status":false,"retweet_count":22,"favorite_count":0,"favorited":false,"retweeted":false,"lang":"da"}}
{"id":17622853,"id_str":"17622853","name":"Liberal Alliance","screen_name":"LiberalAlliance","protected":false,"verified":true,"followers_count":32718,"friends_count":4239,"listed_count":291,"favourites_count":3386,"statuses_count":6838,"created_at":"Tue Nov 25 16:15:25 +0000 2008","profile_background_image_url":"http://abs.twimg.com/images/themes/theme18/bg.gif","profile_background_image_url_https":"https://abs.twimg.com/images/themes/theme18/bg.gif","profile_background_tile":false,"profile_use_background_image":true,"profile_image_url":"http://pbs.twimg.com/profile_images/899542944931303424/zR7Koy-x_normal.jpg","profile_image_url_https":"https://pbs.twimg.com/profile_images/899542944931303424/zR7Koy-x_normal.jpg","default_profile":false,"default_profile_image":false,"status":{"created_at":"Tue Mar 05 11:23:34 +0000 2019","id":1102892404863102976,"id_str":"1102892404863102976","text":"RT @ChristinaEgelun: Skat er en regning, der altid ender i folkets postkasse. #dkpol https://t.co/bdcms9yNih","truncated":false,"entities":{"hashtags":[{"text":"dkpol","indices":[78,84]}],"symbols":[],"user_mentions":[{"screen_name":"ChristinaEgelun","name":"Christina Egelund","id":2302252871,"id_str":"2302252871","indices":[3,19]}],"urls":[{"url":"https://t.co/bdcms9yNih","expanded_url":"http://borsen.dk/nyheder/politik/artikel/1/377835/ny_s-skat_paa_banker_kan_skubbe_regning_over_paa_boligejerne.html","display_url":"borsen.dk/nyheder/politi‚Ä¶","indices":[85,108]}]},"source":"<a href=\"https://about.twitter.com/products/tweetdeck\" rel=\"nofollow\">TweetDeck</a>","in_reply_to_status_id":null,"in_reply_to_status_id_str":null,"in_reply_to_user_id":null,"in_reply_to_user_id_str":null,"in_reply_to_screen_name":null,"geo":null,"coordinates":null,"place":null,"contributors":null,"retweeted_status":{"created_at":"Tue Mar 05 08:23:42 +0000 2019","id":1102847139913351169,"id_str":"1102847139913351169","text":"Skat er en regning, der altid ender i folkets postkasse. #dkpol https://t.co/bdcms9yNih","truncated":false,"entities":{"hashtags":[{"text":"dkpol","indices":[57,63]}],"symbols":[],"user_mentions":[],"urls":[{"url":"https://t.co/bdcms9yNih","expanded_url":"http://borsen.dk/nyheder/politik/artikel/1/377835/ny_s-skat_paa_banker_kan_skubbe_regning_over_paa_boligejerne.html","display_url":"borsen.dk/nyheder/politi‚Ä¶","indices":[64,87]}]},"source":"<a href=\"http://twitter.com/download/iphone\" rel=\"nofollow\">Twitter for iPhone</a>","in_reply_to_status_id":null,"in_reply_to_status_id_str":null,"in_reply_to_user_id":null,"in_reply_to_user_id_str":null,"in_reply_to_screen_name":null,"geo":null,"coordinates":null,"place":null,"contributors":null,"is_quote_status":false,"retweet_count":7,"favorite_count":28,"favorited":false,"retweeted":false,"possibly_sensitive":false,"lang":"da"},"is_quote_status":false,"retweet_count":7,"favorite_count":0,"favorited":false,"retweeted":false,"possibly_sensitive":false,"lang":"da"}}
{"id":14462419,"id_str":"14462419","name":"Radikale Venstre","screen_name":"radikale","protected":false,"verified":false,"followers_count":38352,"friends_count":11555,"listed_count":419,"favourites_count":15882,"statuses_count":16967,"created_at":"Mon Apr 21 14:42:09 +0000 2008","profile_background_image_url":"http://abs.twimg.com/images/themes/theme1/bg.png","profile_background_image_url_https":"https://abs.twimg.com/images/themes/theme1/bg.png","profile_background_tile":true,"profile_use_background_image":true,"profile_image_url":"http://pbs.twimg.com/profile_images/1031470917388521472/W4Wc3HmE_normal.jpg","profile_image_url_https":"https://pbs.twimg.com/profile_images/1031470917388521472/W4Wc3HmE_normal.jpg","default_profile":false,"default_profile_image":false,"status":{"created_at":"Tue Mar 05 09:34:07 +0000 2019","id":1102864860508049409,"id_str":"1102864860508049409","text":"RT @IdaAuken: Der skal simpelthen styr p√• vandet nu. Vi vil forsat trygt kunne drikke urenset grundvand i Danmark.Der er brug for en sikker‚Ä¶","truncated":false,"entities":{"hashtags":[],"symbols":[],"user_mentions":[{"screen_name":"IdaAuken","name":"Ida Auken","id":23976247,"id_str":"23976247","indices":[3,12]}],"urls":[]},"source":"<a href=\"http://tapbots.com/tweetbot\" rel=\"nofollow\">Tweetbot for iŒüS</a>","in_reply_to_status_id":null,"in_reply_to_status_id_str":null,"in_reply_to_user_id":null,"in_reply_to_user_id_str":null,"in_reply_to_screen_name":null,"geo":null,"coordinates":null,"place":null,"contributors":null,"retweeted_status":{"created_at":"Mon Mar 04 20:45:06 +0000 2019","id":1102671331605336065,"id_str":"1102671331605336065","text":"Der skal simpelthen styr p√• vandet nu. Vi vil forsat trygt kunne drikke urenset grundvand i Danmark.Der er brug for‚Ä¶ https://t.co/E9qxLze4Ke","truncated":true,"entities":{"hashtags":[],"symbols":[],"user_mentions":[],"urls":[{"url":"https://t.co/E9qxLze4Ke","expanded_url":"https://twitter.com/i/web/status/1102671331605336065","display_url":"twitter.com/i/web/status/1‚Ä¶","indices":[117,140]}]},"source":"<a href=\"http://twitter.com/download/iphone\" rel=\"nofollow\">Twitter for iPhone</a>","in_reply_to_status_id":null,"in_reply_to_status_id_str":null,"in_reply_to_user_id":null,"in_reply_to_user_id_str":null,"in_reply_to_screen_name":null,"geo":null,"coordinates":null,"place":null,"contributors":null,"is_quote_status":false,"retweet_count":6,"favorite_count":98,"favorited":false,"retweeted":false,"possibly_sensitive":false,"lang":"da"},"is_quote_status":false,"retweet_count":6,"favorite_count":0,"favorited":false,"retweeted":false,"lang":"da"}}
{"id":7089792,"id_str":"7089792","name":"Konservative","screen_name":"KonservativeDK","protected":false,"verified":true,"followers_count":20019,"friends_count":4867,"listed_count":249,"favourites_count":3566,"statuses_count":6695,"created_at":"Tue Jun 26 13:56:50 +0000 2007","profile_background_image_url":"http://abs.twimg.com/images/themes/theme1/bg.png","profile_background_image_url_https":"https://abs.twimg.com/images/themes/theme1/bg.png","profile_background_tile":false,"profile_use_background_image":false,"profile_image_url":"http://pbs.twimg.com/profile_images/899596068555456513/s6jXttsq_normal.jpg","profile_image_url_https":"https://pbs.twimg.com/profile_images/899596068555456513/s6jXttsq_normal.jpg","default_profile":false,"default_profile_image":false,"status":{"created_at":"Mon Mar 04 15:15:34 +0000 2019","id":1102588402132758528,"id_str":"1102588402132758528","text":"Vi overvejer et nyt format: Rasmus, Mona &amp; Chokoladefabrikken üç´üòÅ Her i chokolade-laboratorium hos AAK p√•‚Ä¶ https://t.co/Xix6K9JFBo","truncated":true,"entities":{"hashtags":[],"symbols":[],"user_mentions":[],"urls":[{"url":"https://t.co/Xix6K9JFBo","expanded_url":"https://twitter.com/i/web/status/1102588402132758528","display_url":"twitter.com/i/web/status/1‚Ä¶","indices":[110,133]}]},"source":"<a href=\"http://twitter.com/download/iphone\" rel=\"nofollow\">Twitter for iPhone</a>","in_reply_to_status_id":null,"in_reply_to_status_id_str":null,"in_reply_to_user_id":null,"in_reply_to_user_id_str":null,"in_reply_to_screen_name":null,"geo":null,"coordinates":null,"place":{"id":"55a020e74abc073f","url":"https://api.twitter.com/1.1/geo/id/55a020e74abc073f.json","place_type":"city","name":"Arhus","full_name":"Arhus, Denmark","country_code":"DK","country":"Denmark","contained_within":[],"bounding_box":{"type":"Polygon","coordinates":[[[9.949081,55.9957712],[10.3891573,55.9957712],[10.3891573,56.3303159],[9.949081,56.3303159]]]},"attributes":{}},"contributors":null,"is_quote_status":false,"retweet_count":2,"favorite_count":11,"favorited":false,"retweeted":false,"possibly_sensitive":false,"lang":"da"}}
